{"gate":"G3 running","completed":false,"errors":[],"phase":"matrices"}
{"gate":"G3 running","completed":false,"errors":[],"progress":{"edits":247,"total":3000,"inFlight":1,"elapsedMs":49242},"phase":"sustained"}
{"gate":"G3 running","completed":false,"errors":[],"progress":{"edits":547,"total":3000,"inFlight":1,"elapsedMs":109241.80000000075},"phase":"sustained"}
{"gate":"G3 running","completed":false,"errors":[],"progress":{"edits":847,"total":3000,"inFlight":1,"elapsedMs":169241.30000000075},"phase":"sustained"}
{"gate":"G3 running","completed":false,"errors":[],"progress":{"edits":1148,"total":3000,"inFlight":1,"elapsedMs":229442.40000000037},"phase":"offline"}
{"gate":"G3 running","completed":false,"errors":[],"progress":{"edits":1448,"total":3000,"inFlight":1,"elapsedMs":289442.5},"phase":"reconnected"}
{"gate":"G3 running","completed":false,"errors":[],"progress":{"edits":1748,"total":3000,"inFlight":1,"elapsedMs":349441.80000000075},"phase":"reconnected"}
{"gate":"G3 running","completed":false,"errors":[],"progress":{"edits":2048,"total":3000,"inFlight":1,"elapsedMs":409441.80000000075},"phase":"reconnected"}
{"gate":"G3 running","completed":false,"errors":[],"progress":{"edits":2349,"total":3000,"inFlight":1,"elapsedMs":469641.30000000075},"phase":"reconnected"}
{"gate":"G3 running","completed":false,"errors":[],"progress":{"edits":2649,"total":3000,"inFlight":1,"elapsedMs":529642.7000000011},"phase":"reconnected"}
{"gate":"G3 running","completed":false,"errors":[],"progress":{"edits":2949,"total":3000,"inFlight":1,"elapsedMs":589641.7000000011},"phase":"reconnected"}
{"gate":"G3 verification","phase":"independentOracleEquality"}
{"gate":"G3 verification","phase":"checkpointAndAllFrameReplay"}
{"gate":"G3 verification","phase":"allVerificationComplete"}
{
  "output": "BLOCK_SCOPED_HISTORY_STAGE_C_G3_FOREGROUND_20260918_CANDIDATE.json",
  "gate": "G3 command/worker/outbox/server feasibility",
  "qualificationTrace": true,
  "diagnostic": {
    "busyMs": 0,
    "freezeMs": 0
  },
  "hostResources": {
    "availableBytes": 25847750656,
    "minimumFreeBytes": 8589934592,
    "physicalMemoryBytes": 8589934592
  },
  "date": "2026-09-18T03:16:12.115Z",
  "node": "v22.12.0",
  "browser": "Chrome/153.0.8010.48",
  "durationSeconds": 600,
  "revisions": 3000,
  "instrumentation": {
    "main": {
      "main.scheduleLateness": {
        "count": 3000,
        "totalMs": 4834.699997767806,
        "maxMs": 3.899999998509884,
        "lastMs": 1.199999999254942
      },
      "main.capture": {
        "count": 3000,
        "totalMs": 92.99999999254942,
        "maxMs": 0.2000000011175871,
        "lastMs": 0
      },
      "main.postMessage": {
        "count": 3000,
        "totalMs": 111.197265625,
        "maxMs": 0.2001953125,
        "lastMs": 0
      },
      "main.callback": {
        "count": 3000,
        "totalMs": 221.79999999143183,
        "maxMs": 0.30000000074505806,
        "lastMs": 0
      },
      "main.edit": {
        "count": 3000,
        "totalMs": 121034.9000000637,
        "maxMs": 89.5,
        "lastMs": 39.69999999925494
      },
      "main.captureToWorkerAck": {
        "count": 3000,
        "totalMs": 153000.49926757812,
        "maxMs": 148.5,
        "lastMs": 49.099853515625
      },
      "workerToMain.ackDelivery": {
        "count": 3000,
        "totalMs": 3192.898193359375,
        "maxMs": 2.800048828125,
        "lastMs": 1
      }
    },
    "scheduling": {
      "visibility": "visible",
      "focus": true,
      "discarded": false,
      "longTaskSupported": true,
      "boundary": 3617,
      "active": null,
      "pendingTimers": [
        {
          "id": 3617,
          "label": "heartbeat",
          "requestedAt": 1789701354771.2,
          "wallAt": 1789701354734,
          "delayMs": 1000,
          "deadline": 1789701355771.2
        }
      ],
      "stats": {
        "longTask": {
          "count": 42,
          "totalMs": 14581,
          "maxMs": 1290,
          "maximum": {
            "at": 1789700752392,
            "startTime": 12852.199999999255,
            "name": "self"
          }
        },
        "timer.heartbeat": {
          "count": 612,
          "totalMs": 5453.597900390625,
          "maxMs": 1067.2001953125,
          "maximum": {
            "at": 1789700748803,
            "id": 7,
            "label": "heartbeat",
            "requestedAt": 1789700746736.7998,
            "wallAt": 1789700746736,
            "delayMs": 1000,
            "deadline": 1789700747736.7998,
            "firedAt": 1789700748804,
            "wallFiredAt": 1789700748803,
            "lateMs": 1067.2001953125,
            "boundary": 7
          }
        },
        "timer.edit": {
          "count": 3000,
          "totalMs": 4758.408249750733,
          "maxMs": 3.10009765625,
          "maximum": {
            "at": 1789701214649,
            "id": 2774,
            "label": "edit",
            "requestedAt": 1789701214516.2998,
            "wallAt": 1789701214487,
            "delayMs": 159,
            "deadline": 1789701214675.2998,
            "index": 2301,
            "target": 476424.4000000004,
            "firedAt": 1789701214678.4,
            "wallFiredAt": 1789701214649,
            "lateMs": 3.10009765625,
            "boundary": 2773
          }
        },
        "span.edit": {
          "count": 3000,
          "totalMs": 121021.99829101562,
          "maxMs": 89.5,
          "maximum": {
            "at": 1789701169739,
            "label": "edit",
            "startedAt": 1789701169676.5,
            "boundary": 2503
          }
        },
        "timer.drain": {
          "count": 5,
          "totalMs": 5.800048828125,
          "maxMs": 2,
          "maximum": {
            "at": 1789701354481,
            "id": 3613,
            "label": "drain",
            "requestedAt": 1789701354416.7998,
            "wallAt": 1789701354379,
            "delayMs": 100,
            "deadline": 1789701354516.7998,
            "firedAt": 1789701354518.7998,
            "wallFiredAt": 1789701354481,
            "lateMs": 2,
            "boundary": 3612
          }
        },
        "span.independentOracle": {
          "count": 1,
          "totalMs": 661.599853515625,
          "maxMs": 661.599853515625,
          "maximum": {
            "at": 1789701355473,
            "label": "independentOracle",
            "startedAt": 1789701354848.7,
            "boundary": 3616
          }
        },
        "timer.finalObservation": {
          "count": 1,
          "totalMs": 2.900146484375,
          "maxMs": 2.900146484375,
          "maximum": {
            "at": 1789701355477,
            "id": 3618,
            "label": "finalObservation",
            "requestedAt": 1789701355512.0999,
            "wallAt": 1789701355474,
            "delayMs": 0,
            "deadline": 1789701355512.0999,
            "firedAt": 1789701355515,
            "wallFiredAt": 1789701355477,
            "lateMs": 2.900146484375,
            "boundary": 3617
          }
        }
      },
      "recent": [
        {
          "kind": "heartbeat",
          "at": 1789701324698,
          "monotonicEpoch": 1789701324733.7,
          "boundary": 3433,
          "visibility": "visible",
          "focus": true,
          "discarded": false
        },
        {
          "kind": "heartbeat",
          "at": 1789701325698,
          "monotonicEpoch": 1789701325734.0999,
          "boundary": 3439,
          "visibility": "visible",
          "focus": true,
          "discarded": false
        },
        {
          "kind": "heartbeat",
          "at": 1789701326699,
          "monotonicEpoch": 1789701326734.7998,
          "boundary": 3445,
          "visibility": "visible",
          "focus": true,
          "discarded": false
        },
        {
          "kind": "heartbeat",
          "at": 1789701327700,
          "monotonicEpoch": 1789701327735.9,
          "boundary": 3451,
          "visibility": "visible",
          "focus": true,
          "discarded": false
        },
        {
          "kind": "heartbeat",
          "at": 1789701328700,
          "monotonicEpoch": 1789701328736.2,
          "boundary": 3457,
          "visibility": "visible",
          "focus": true,
          "discarded": false
        },
        {
          "kind": "heartbeat",
          "at": 1789701329701,
          "monotonicEpoch": 1789701329737.2998,
          "boundary": 3463,
          "visibility": "visible",
          "focus": true,
          "discarded": false
        },
        {
          "kind": "heartbeat",
          "at": 1789701330702,
          "monotonicEpoch": 1789701330737.7998,
          "boundary": 3469,
          "visibility": "visible",
          "focus": true,
          "discarded": false
        },
        {
          "kind": "heartbeat",
          "at": 1789701331702,
          "monotonicEpoch": 1789701331738.2,
          "boundary": 3475,
          "visibility": "visible",
          "focus": true,
          "discarded": false
        },
        {
          "kind": "heartbeat",
          "at": 1789701332703,
          "monotonicEpoch": 1789701332738.9,
          "boundary": 3481,
          "visibility": "visible",
          "focus": true,
          "discarded": false
        },
        {
          "kind": "heartbeat",
          "at": 1789701333703,
          "monotonicEpoch": 1789701333739.5,
          "boundary": 3487,
          "visibility": "visible",
          "focus": true,
          "discarded": false
        },
        {
          "kind": "heartbeat",
          "at": 1789701334704,
          "monotonicEpoch": 1789701334740.4,
          "boundary": 3493,
          "visibility": "visible",
          "focus": true,
          "discarded": false
        },
        {
          "kind": "heartbeat",
          "at": 1789701335705,
          "monotonicEpoch": 1789701335741.2,
          "boundary": 3499,
          "visibility": "visible",
          "focus": true,
          "discarded": false
        },
        {
          "kind": "heartbeat",
          "at": 1789701336706,
          "monotonicEpoch": 1789701336743,
          "boundary": 3505,
          "visibility": "visible",
          "focus": true,
          "discarded": false
        },
        {
          "kind": "heartbeat",
          "at": 1789701337707,
          "monotonicEpoch": 1789701337743.5999,
          "boundary": 3511,
          "visibility": "visible",
          "focus": true,
          "discarded": false
        },
        {
          "kind": "heartbeat",
          "at": 1789701338708,
          "monotonicEpoch": 1789701338744.7,
          "boundary": 3517,
          "visibility": "visible",
          "focus": true,
          "discarded": false
        },
        {
          "kind": "heartbeat",
          "at": 1789701339709,
          "monotonicEpoch": 1789701339745.7,
          "boundary": 3523,
          "visibility": "visible",
          "focus": true,
          "discarded": false
        },
        {
          "kind": "heartbeat",
          "at": 1789701340710,
          "monotonicEpoch": 1789701340747.0999,
          "boundary": 3529,
          "visibility": "visible",
          "focus": true,
          "discarded": false
        },
        {
          "kind": "heartbeat",
          "at": 1789701341711,
          "monotonicEpoch": 1789701341747.7998,
          "boundary": 3535,
          "visibility": "visible",
          "focus": true,
          "discarded": false
        },
        {
          "kind": "heartbeat",
          "at": 1789701342711,
          "monotonicEpoch": 1789701342748.2998,
          "boundary": 3541,
          "visibility": "visible",
          "focus": true,
          "discarded": false
        },
        {
          "kind": "heartbeat",
          "at": 1789701343713,
          "monotonicEpoch": 1789701343749.9,
          "boundary": 3547,
          "visibility": "visible",
          "focus": true,
          "discarded": false
        },
        {
          "kind": "heartbeat",
          "at": 1789701344714,
          "monotonicEpoch": 1789701344751,
          "boundary": 3553,
          "visibility": "visible",
          "focus": true,
          "discarded": false
        },
        {
          "kind": "heartbeat",
          "at": 1789701345715,
          "monotonicEpoch": 1789701345751.7,
          "boundary": 3559,
          "visibility": "visible",
          "focus": true,
          "discarded": false
        },
        {
          "kind": "heartbeat",
          "at": 1789701346715,
          "monotonicEpoch": 1789701346752.2998,
          "boundary": 3565,
          "visibility": "visible",
          "focus": true,
          "discarded": false
        },
        {
          "kind": "heartbeat",
          "at": 1789701347717,
          "monotonicEpoch": 1789701347753.9,
          "boundary": 3571,
          "visibility": "visible",
          "focus": true,
          "discarded": false
        },
        {
          "kind": "heartbeat",
          "at": 1789701348717,
          "monotonicEpoch": 1789701348754.5999,
          "boundary": 3577,
          "visibility": "visible",
          "focus": true,
          "discarded": false
        },
        {
          "kind": "heartbeat",
          "at": 1789701349718,
          "monotonicEpoch": 1789701349755.5,
          "boundary": 3583,
          "visibility": "visible",
          "focus": true,
          "discarded": false
        },
        {
          "kind": "heartbeat",
          "at": 1789701350719,
          "monotonicEpoch": 1789701350756.5,
          "boundary": 3589,
          "visibility": "visible",
          "focus": true,
          "discarded": false
        },
        {
          "kind": "heartbeat",
          "at": 1789701351721,
          "monotonicEpoch": 1789701351758,
          "boundary": 3595,
          "visibility": "visible",
          "focus": true,
          "discarded": false
        },
        {
          "kind": "heartbeat",
          "at": 1789701352731,
          "monotonicEpoch": 1789701352768.7998,
          "boundary": 3601,
          "visibility": "visible",
          "focus": true,
          "discarded": false
        },
        {
          "kind": "heartbeat",
          "at": 1789701353732,
          "monotonicEpoch": 1789701353769.7,
          "boundary": 3607,
          "visibility": "visible",
          "focus": true,
          "discarded": false
        },
        {
          "kind": "heartbeat",
          "at": 1789701354734,
          "monotonicEpoch": 1789701354771.2,
          "boundary": 3615,
          "visibility": "visible",
          "focus": true,
          "discarded": false
        },
        {
          "kind": "heartbeat",
          "at": 1789701355735,
          "monotonicEpoch": 1789701355772.9,
          "boundary": 3618,
          "visibility": "visible",
          "focus": true,
          "discarded": false
        }
      ]
    },
    "acknowledgements": {
      "posted": 3000,
      "delivered": 3000,
      "lastPosted": {
        "commitId": "2ec20145-1713-482d-ba3f-8d12c86f9a64",
        "postedAt": 1789701354316.2,
        "boundary": 3610
      },
      "lastDelivered": {
        "commitId": "2ec20145-1713-482d-ba3f-8d12c86f9a64",
        "workerPostedAt": 1789701354364.2998,
        "sequence": 3000,
        "mainReceivedAt": 1789701354365.2998,
        "boundary": 3610
      }
    },
    "nodeScheduling": {
      "heartbeats": 626,
      "maxTimerLatenessMs": 7333.430458000046,
      "maximum": {
        "at": 1789701372167,
        "lateness": 7333.430458000046
      },
      "milestones": [
        {
          "at": 1789701361215,
          "phase": "independentOracleEquality"
        },
        {
          "at": 1789701362764,
          "phase": "checkpointAndAllFrameReplay"
        },
        {
          "at": 1789701372113,
          "phase": "allVerificationComplete"
        }
      ]
    },
    "browser": {
      "stderr": "\nDevTools listening on ws://127.0.0.1:54865/devtools/browser/69440d07-7a0c-4c2c-b9d2-0f7b0452e344\nTrying to load the allocator multiple times. This is *not* supported.\n[20439:216334:0918/130538.033443:ERROR:ui/display/mac/cv_display_link_mac.mm:195] CVDisplayLinkCreateWithCGDisplay failed. CVReturn: -6670\n[20439:216375:0918/130538.034346:ERROR:ui/display/mac/cv_display_link_mac.mm:195] CVDisplayLinkCreateWithCGDisplay failed. CVReturn: -6670\n[20439:216334:0918/130538.040187:ERROR:ui/display/mac/cv_display_link_mac.mm:195] CVDisplayLinkCreateWithCGDisplay failed. CVReturn: -6670\n[20439:216375:0918/130538.040287:ERROR:ui/display/mac/cv_display_link_mac.mm:195] CVDisplayLinkCreateWithCGDisplay failed. CVReturn: -6670\n[20439:216334:0918/130538.047216:ERROR:ui/display/mac/cv_display_link_mac.mm:195] CVDisplayLinkCreateWithCGDisplay failed. CVReturn: -6670\n[20439:216375:0918/130538.047288:ERROR:ui/display/mac/cv_display_link_mac.mm:195] CVDisplayLinkCreateWithCGDisplay failed. CVReturn: -6670\n[20439:216334:0918/130538.047472:ERROR:ui/display/mac/cv_display_link_mac.mm:195] CVDisplayLinkCreateWithCGDisplay failed. CVReturn: -6670\n[20439:216375:0918/130538.047523:ERROR:ui/display/mac/cv_display_link_mac.mm:195] CVDisplayLinkCreateWithCGDisplay failed. CVReturn: -6670\n[20439:216334:0918/130538.047679:ERROR:ui/display/mac/cv_display_link_mac.mm:195] CVDisplayLinkCreateWithCGDisplay failed. CVReturn: -6670\n[20439:216375:0918/130538.047726:ERROR:ui/display/mac/cv_display_link_mac.mm:195] CVDisplayLinkCreateWithCGDisplay failed. CVReturn: -6670\n[20439:216334:0918/130538.070705:ERROR:ui/display/mac/cv_display_link_mac.mm:195] CVDisplayLinkCreateWithCGDisplay failed. CVReturn: -6670\n[20439:216375:0918/130538.070767:ERROR:ui/display/mac/cv_display_link_mac.mm:195] CVDisplayLinkCreateWithCGDisplay failed. CVReturn: -6670\n[20439:216334:0918/130540.028209:ERROR:ui/display/mac/cv_display_link_mac.mm:195] CVDisplayLinkCreateWithCGDisplay failed. CVReturn: -6670\n[20439:216375:0918/130540.028301:ERROR:ui/display/mac/cv_display_link_mac.mm:195] CVDisplayLinkCreateWithCGDisplay failed. CVReturn: -6670\n[20439:216334:0918/130540.311056:ERROR:ui/display/mac/cv_display_link_mac.mm:195] CVDisplayLinkCreateWithCGDisplay failed. CVReturn: -6670\n[20439:216375:0918/130540.311165:ERROR:ui/display/mac/cv_display_link_mac.mm:195] CVDisplayLinkCreateWithCGDisplay failed. CVReturn: -6670\n[20439:216334:0918/130540.377713:ERROR:ui/display/mac/cv_display_link_mac.mm:195] CVDisplayLinkCreateWithCGDisplay failed. CVReturn: -6670\n[20439:216375:0918/130540.377818:ERROR:ui/display/mac/cv_display_link_mac.mm:195] CVDisplayLinkCreateWithCGDisplay failed. CVReturn: -6670\n[20439:216334:0918/130540.464964:ERROR:ui/display/mac/cv_display_link_mac.mm:195] CVDisplayLinkCreateWithCGDisplay failed. CVReturn: -6670\n[20439:216375:0918/130540.465080:ERROR:ui/display/mac/cv_display_link_mac.mm:195] CVDisplayLinkCreateWithCGDisplay failed. CVReturn: -6670\n[20439:216334:0918/130540.619838:ERROR:ui/display/mac/cv_display_link_mac.mm:195] CVDisplayLinkCreateWithCGDisplay failed. CVReturn: -6670\n[20439:216375:0918/130540.619920:ERROR:ui/display/mac/cv_display_link_mac.mm:195] CVDisplayLinkCreateWithCGDisplay failed. CVReturn: -6670\n[20411:216304:0918/130540.739755:ERROR:google_apis/gcm/engine/registration_request.cc:291] Registration response error message: DEPRECATED_ENDPOINT\n[20439:216334:0918/130540.790257:ERROR:ui/display/mac/cv_display_link_mac.mm:195] CVDisplayLinkCreateWithCGDisplay failed. CVReturn: -6670\n[20439:216375:0918/130540.790371:ERROR:ui/display/mac/cv_display_link_mac.mm:195] CVDisplayLinkCreateWithCGDisplay failed. CVReturn: -6670\n[20439:216334:0918/130540.901237:ERROR:ui/display/mac/cv_display_link_mac.mm:195] CVDisplayLinkCreateWithCGDisplay failed. CVReturn: -6670\n[20439:216375:0918/130540.901420:ERROR:ui/display/mac/cv_display_link_mac.mm:195] CVDisplayLinkCreateWithCGDisplay failed. CVReturn: -6670\n[20439:216334:0918/130541.300987:ERROR:ui/display/mac/cv_display_link_mac.mm:195] CVDisplayLinkCreateWithCGDisplay failed. CVReturn: -6670\n[20439:216375:0918/130541.301099:ERROR:ui/display/mac/cv_display_link_mac.mm:195] CVDisplayLinkCreateWithCGDisplay failed. CVReturn: -6670\nCreated TensorFlow Lite XNNPACK delegate for CPU.\n[20546:217568:0918/130556.376726:VERBOSE1:chrome/updater/updater.cc:374] Version: 152.0.7933.0, opt, ARM_64, command line: /Users/iianneill/Library/Application Support/Google/GoogleUpdater/152.0.7933.0/GoogleUpdater.app/Contents/MacOS/GoogleUpdater --wake-all --enable-logging --vmodule=*/components/update_client/*=2,*/chrome/enterprise_companion/*=2,*/chrome/updater/*=2\n[20546:217568:0918/130556.377359:VERBOSE1:chrome/updater/updater.cc:377] OS version: 15.5.0, arch: arm64, System uptime (seconds): 10087, parent pid: 20411\n[20546:217568:0918/130556.380081:VERBOSE1:chrome/updater/updater.cc:382] Available disk space in install directory (/Users/iianneill/Library/Application Support/Google/GoogleUpdater): 25796939776B (24.025GiB) / 245107195904B (228.274GiB)\n[20546:217568:0918/130556.380110:VERBOSE1:chrome/updater/updater.cc:386] Available disk space in temporary directory (/var/folders/q0/2ktlxrj54ygdjxkg2vx_b30r0000gn/T/): 25796939776B (24.025GiB) / 245107195904B (228.274GiB)\n[20546:217568:0918/130556.380275:VERBOSE2:chrome/updater/event_history.cc:265] Emitted a UPDATER_PROCESS START event to the history log\n[20548:217572:0918/130556.390240:VERBOSE1:chrome/updater/updater.cc:374] Version: 152.0.7933.0, opt, ARM_64, command line: /Users/iianneill/Library/Application Support/Google/GoogleUpdater/152.0.7933.0/GoogleUpdater.app/Contents/MacOS/GoogleUpdater --crash-handler --database=/Users/iianneill/Library/Application Support/Google/GoogleUpdater/152.0.7933.0/Crashpad --url=https://clients2.google.com/cr/report --annotation=prod=Update4 --annotation=ver=152.0.7933.0 --handshake-fd=6 --enable-logging --vmodule=*/components/update_client/*=2,*/chrome/enterprise_companion/*=2,*/chrome/updater/*=2\n[20548:217572:0918/130556.390752:VERBOSE1:chrome/updater/updater.cc:377] OS version: 15.5.0, arch: arm64, System uptime (seconds): 10087, parent pid: 1\n[20548:217572:0918/130556.392745:VERBOSE1:chrome/updater/updater.cc:382] Available disk space in install directory (/Users/iianneill/Library/Application Support/Google/GoogleUpdater): 25796939776B (24.025GiB) / 245107195904B (228.274GiB)\n[20548:217572:0918/130556.392762:VERBOSE1:chrome/updater/updater.cc:386] Available disk space in temporary directory (/var/folders/q0/2ktlxrj54ygdjxkg2vx_b30r0000gn/T/): 25796939776B (24.025GiB) / 245107195904B (228.274GiB)\n[20548:217572:0918/130556.392854:VERBOSE2:chrome/updater/event_history.cc:265] Emitted a UPDATER_PROCESS START event to the history log\n[20546:217568:0918/130556.393319:VERBOSE1:chrome/updater/crash_reporter.cc:124] Crash handler launched and ready.\n[20546:217568:0918/130556.394085:VERBOSE1:chrome/updater/crash_client.cc:108] Found 0 completed crash reports\n[20546:217568:0918/130556.394172:VERBOSE1:chrome/updater/crash_client.cc:132] Found 0 pending crash reports\n[20546:217568:0918/130556.394267:ERROR:third_party/crashpad/crashpad/util/file/file_io_posix.cc:145] open /Users/iianneill/Library/Application Support/Google/RLZ/Crashpad/settings.dat: No such file or directory (2)\n[20546:217568:0918/130556.394530:VERBOSE1:chrome/updater/updater.cc:105] Crash reporting initialized.\n[20546:217580:0918/130556.394886:VERBOSE1:chrome/updater/app/app_wakeall.cc:58] Launching `/Users/iianneill/Library/Application Support/Google/GoogleUpdater/152.0.7933.0/GoogleUpdater.app/Contents/MacOS/GoogleUpdater --wake`\n[20549:217584:0918/130556.404840:VERBOSE1:chrome/updater/updater.cc:374] Version: 152.0.7933.0, opt, ARM_64, command line: /Users/iianneill/Library/Application Support/Google/GoogleUpdater/152.0.7933.0/GoogleUpdater.app/Contents/MacOS/GoogleUpdater --wake --enable-logging --vmodule=*/components/update_client/*=2,*/chrome/enterprise_companion/*=2,*/chrome/updater/*=2\n[20549:217584:0918/130556.405338:VERBOSE1:chrome/updater/updater.cc:377] OS version: 15.5.0, arch: arm64, System uptime (seconds): 10087, parent pid: 20546\n[20549:217584:0918/130556.407929:VERBOSE1:chrome/updater/updater.cc:382] Available disk space in install directory (/Users/iianneill/Library/Application Support/Google/GoogleUpdater): 25796939776B (24.025GiB) / 245107195904B (228.274GiB)\n[20549:217584:0918/130556.407949:VERBOSE1:chrome/updater/updater.cc:386] Available disk space in temporary directory (/var/folders/q0/2ktlxrj54ygdjxkg2vx_b30r0000gn/T/): 25796939776B (24.025GiB) / 245107195904B (228.274GiB)\n[20549:217584:0918/130556.408170:VERBOSE2:chrome/updater/event_history.cc:265] Emitted a UPDATER_PROCESS START event to the history log\n[20551:217588:0918/130556.420475:VERBOSE1:chrome/updater/updater.cc:374] Version: 152.0.7933.0, opt, ARM_64, command line: /Users/iianneill/Library/Application Support/Google/GoogleUpdater/152.0.7933.0/GoogleUpdater.app/Contents/MacOS/GoogleUpdater --crash-handler --database=/Users/iianneill/Library/Application Support/Google/GoogleUpdater/152.0.7933.0/Crashpad --url=https://clients2.google.com/cr/report --annotation=prod=Update4 --annotation=ver=152.0.7933.0 --handshake-fd=6 --enable-logging --vmodule=*/components/update_client/*=2,*/chrome/enterprise_companion/*=2,*/chrome/updater/*=2\n[20551:217588:0918/130556.421742:VERBOSE1:chrome/updater/updater.cc:377] OS version: 15.5.0, arch: arm64, System uptime (seconds): 10087, parent pid: 1\n[20551:217588:0918/130556.424701:VERBOSE1:chrome/updater/updater.cc:382] Available disk space in install directory (/Users/iianneill/Library/Application Support/Google/GoogleUpdater): 25796939776B (24.025GiB) / 245107195904B (228.274GiB)\n[20551:217588:0918/130556.424721:VERBOSE1:chrome/updater/updater.cc:386] Available disk space in temporary directory (/var/folders/q0/2ktlxrj54ygdjxkg2vx_b30r0000gn/T/): 25796939776B (24.025GiB) / 245107195904B (228.274GiB)\n[20551:217588:0918/130556.424929:VERBOSE2:chrome/updater/event_history.cc:265] Emitted a UPDATER_PROCESS START event to the history log\n[20549:217584:0918/130556.425535:VERBOSE1:chrome/updater/crash_reporter.cc:124] Crash handler launched and ready.\n[20549:217584:0918/130556.426616:VERBOSE1:chrome/updater/crash_client.cc:108] Found 0 completed crash reports\n[20549:217584:0918/130556.426709:VERBOSE1:chrome/updater/crash_client.cc:132] Found 0 pending crash reports\n[20549:217584:0918/130556.426804:ERROR:third_party/crashpad/crashpad/util/file/file_io_posix.cc:145] open /Users/iianneill/Library/Application Support/Google/RLZ/Crashpad/settings.dat: No such file or directory (2)\n[20549:217584:0918/130556.427026:VERBOSE1:chrome/updater/updater.cc:105] Crash reporting initialized.\n[20549:217584:0918/130556.427336:VERBOSE1:chrome/updater/ipc/update_service_internal_proxy_mojo.cc:61] Run\n[20411:216304:0918/130601.525315:ERROR:google_apis/gcm/engine/registration_request.cc:291] Registration response error message: DEPRECATED_ENDPOINT\n[20549:217584:0918/130613.667071:VERBOSE1:chrome/updater/app/app.cc:52] Shutdown: 0\n[20549:217584:0918/130613.667598:VERBOSE2:chrome/updater/event_history.cc:265] Emitted a UPDATER_PROCESS END event to the history log\n[20549:217584:0918/130613.667629:VERBOSE1:chrome/updater/updater.cc:419] UpdaterMain (--wake) returned 0.\n[20546:217580:0918/130613.782349:VERBOSE1:chrome/updater/app/app_wakeall.cc:68] `/Users/iianneill/Library/Application Support/Google/GoogleUpdater/152.0.7933.0/GoogleUpdater.app/Contents/MacOS/GoogleUpdater --wake` exited 0\n[20546:217568:0918/130613.782626:VERBOSE1:chrome/updater/app/app.cc:52] Shutdown: 0\n[20546:217568:0918/130613.783064:VERBOSE2:chrome/updater/event_history.cc:265] Emitted a UPDATER_PROCESS END event to the history log\n[20546:217568:0918/130613.783087:VERBOSE1:chrome/updater/updater.cc:419] UpdaterMain (--wake-all) returned 0.\n[20551:217588:0918/130623.676850:VERBOSE2:chrome/updater/event_history.cc:265] Emitted a UPDATER_PROCESS END event to the history log\n[20551:217588:0918/130623.676902:VERBOSE1:chrome/updater/updater.cc:419] UpdaterMain (--crash-handler) returned 0.\n[20548:217572:0918/130623.678140:VERBOSE2:chrome/updater/event_history.cc:265] Emitted a UPDATER_PROCESS END event to the history log\n[20548:217572:0918/130623.678358:VERBOSE1:chrome/updater/updater.cc:419] UpdaterMain (--crash-handler) returned 0.\n[20411:216304:0918/130657.789902:ERROR:google_apis/gcm/engine/registration_request.cc:291] Registration response error message: DEPRECATED_ENDPOINT\n[20411:216304:0918/130825.272478:ERROR:google_apis/gcm/engine/registration_request.cc:291] Registration response error message: QUOTA_EXCEEDED\nTrying to load the allocator multiple times. This is *not* supported.\nWARNING: All log messages before absl::InitializeLog() is called are written to STDERR\nI0000 00:00:1789700917.688241  220166 environment.cc:525] Selected adapter: Apple M1, arch=metal-3, vendor=apple, backend=Metal, adapterType=Integrated GPU\nI0000 00:00:1789700917.706709  220176 environment.cc:525] Selected adapter: Apple M1, arch=metal-3, vendor=apple, backend=Metal, adapterType=Integrated GPU\n",
      "crashes": [],
      "lifecycle": [
        {
          "at": 1789700738239,
          "method": "Page.lifecycleEvent",
          "params": {
            "frameId": "89FC2A7C73216A8C272430C46A06A9CC",
            "loaderId": "A53EF40C5954BAADDCB6B3DF081C6CF7",
            "name": "commit",
            "timestamp": 10068.817559
          },
          "sessionId": "691C733153E9F727D0173C57A035FD95"
        },
        {
          "at": 1789700738239,
          "method": "Page.lifecycleEvent",
          "params": {
            "frameId": "89FC2A7C73216A8C272430C46A06A9CC",
            "loaderId": "A53EF40C5954BAADDCB6B3DF081C6CF7",
            "name": "DOMContentLoaded",
            "timestamp": 10068.817639
          },
          "sessionId": "691C733153E9F727D0173C57A035FD95"
        },
        {
          "at": 1789700738239,
          "method": "Page.lifecycleEvent",
          "params": {
            "frameId": "89FC2A7C73216A8C272430C46A06A9CC",
            "loaderId": "A53EF40C5954BAADDCB6B3DF081C6CF7",
            "name": "load",
            "timestamp": 10068.818408
          },
          "sessionId": "691C733153E9F727D0173C57A035FD95"
        },
        {
          "at": 1789700738240,
          "method": "Page.lifecycleEvent",
          "params": {
            "frameId": "89FC2A7C73216A8C272430C46A06A9CC",
            "loaderId": "A53EF40C5954BAADDCB6B3DF081C6CF7",
            "name": "networkAlmostIdle",
            "timestamp": 10068.818272
          },
          "sessionId": "691C733153E9F727D0173C57A035FD95"
        },
        {
          "at": 1789700738241,
          "method": "Page.lifecycleEvent",
          "params": {
            "frameId": "89FC2A7C73216A8C272430C46A06A9CC",
            "loaderId": "A53EF40C5954BAADDCB6B3DF081C6CF7",
            "name": "networkIdle",
            "timestamp": 10068.818272
          },
          "sessionId": "691C733153E9F727D0173C57A035FD95"
        },
        {
          "at": 1789700738272,
          "method": "Page.frameStartedLoading",
          "params": {
            "frameId": "89FC2A7C73216A8C272430C46A06A9CC"
          },
          "sessionId": "691C733153E9F727D0173C57A035FD95"
        },
        {
          "at": 1789700738289,
          "method": "Page.lifecycleEvent",
          "params": {
            "frameId": "89FC2A7C73216A8C272430C46A06A9CC",
            "loaderId": "084072CE3EAD0979D3EBD86A21EF16AC",
            "name": "init",
            "timestamp": 10068.94991
          },
          "sessionId": "691C733153E9F727D0173C57A035FD95"
        },
        {
          "at": 1789700738319,
          "method": "Page.lifecycleEvent",
          "params": {
            "frameId": "89FC2A7C73216A8C272430C46A06A9CC",
            "loaderId": "084072CE3EAD0979D3EBD86A21EF16AC",
            "name": "DOMContentLoaded",
            "timestamp": 10068.975491
          },
          "sessionId": "691C733153E9F727D0173C57A035FD95"
        },
        {
          "at": 1789700738319,
          "method": "Page.lifecycleEvent",
          "params": {
            "frameId": "89FC2A7C73216A8C272430C46A06A9CC",
            "loaderId": "084072CE3EAD0979D3EBD86A21EF16AC",
            "name": "load",
            "timestamp": 10068.975622
          },
          "sessionId": "691C733153E9F727D0173C57A035FD95"
        },
        {
          "at": 1789700738322,
          "method": "Page.frameStoppedLoading",
          "params": {
            "frameId": "89FC2A7C73216A8C272430C46A06A9CC"
          },
          "sessionId": "691C733153E9F727D0173C57A035FD95"
        },
        {
          "at": 1789700752705,
          "method": "Page.lifecycleEvent",
          "params": {
            "frameId": "89FC2A7C73216A8C272430C46A06A9CC",
            "loaderId": "084072CE3EAD0979D3EBD86A21EF16AC",
            "name": "networkAlmostIdle",
            "timestamp": 10068.975549
          },
          "sessionId": "691C733153E9F727D0173C57A035FD95"
        },
        {
          "at": 1789700752807,
          "method": "Page.lifecycleEvent",
          "params": {
            "frameId": "89FC2A7C73216A8C272430C46A06A9CC",
            "loaderId": "084072CE3EAD0979D3EBD86A21EF16AC",
            "name": "networkIdle",
            "timestamp": 10069.019894
          },
          "sessionId": "691C733153E9F727D0173C57A035FD95"
        }
      ],
      "probes": [
        {
          "requestedAt": 1789701106226,
          "receivedAt": 1789701106227,
          "metrics": [
            {
              "name": "Timestamp",
              "value": 10436.924614
            },
            {
              "name": "LayoutDuration",
              "value": 0.000048
            },
            {
              "name": "RecalcStyleDuration",
              "value": 0.000102
            },
            {
              "name": "ScriptDuration",
              "value": 0.148592
            },
            {
              "name": "TaskDuration",
              "value": 90.536244
            },
            {
              "name": "JSHeapUsedSize",
              "value": 55420736
            }
          ]
        },
        {
          "requestedAt": 1789701107228,
          "receivedAt": 1789701107229,
          "metrics": [
            {
              "name": "Timestamp",
              "value": 10437.9269
            },
            {
              "name": "LayoutDuration",
              "value": 0.000048
            },
            {
              "name": "RecalcStyleDuration",
              "value": 0.000102
            },
            {
              "name": "ScriptDuration",
              "value": 0.148908
            },
            {
              "name": "TaskDuration",
              "value": 90.741608
            },
            {
              "name": "JSHeapUsedSize",
              "value": 89446224
            }
          ]
        },
        {
          "requestedAt": 1789701108230,
          "receivedAt": 1789701108231,
          "metrics": [
            {
              "name": "Timestamp",
              "value": 10438.929007
            },
            {
              "name": "LayoutDuration",
              "value": 0.000048
            },
            {
              "name": "RecalcStyleDuration",
              "value": 0.000102
            },
            {
              "name": "ScriptDuration",
              "value": 0.149315
            },
            {
              "name": "TaskDuration",
              "value": 90.969899
            },
            {
              "name": "JSHeapUsedSize",
              "value": 48860744
            }
          ]
        },
        {
          "requestedAt": 1789701109232,
          "receivedAt": 1789701109233,
          "metrics": [
            {
              "name": "Timestamp",
              "value": 10439.930811
            },
            {
              "name": "LayoutDuration",
              "value": 0.000048
            },
            {
              "name": "RecalcStyleDuration",
              "value": 0.000102
            },
            {
              "name": "ScriptDuration",
              "value": 0.149997
            },
            {
              "name": "TaskDuration",
              "value": 91.17455
            },
            {
              "name": "JSHeapUsedSize",
              "value": 82700944
            }
          ]
        },
        {
          "requestedAt": 1789701110234,
          "receivedAt": 1789701110235,
          "metrics": [
            {
              "name": "Timestamp",
              "value": 10440.932905
            },
            {
              "name": "LayoutDuration",
              "value": 0.000048
            },
            {
              "name": "RecalcStyleDuration",
              "value": 0.000102
            },
            {
              "name": "ScriptDuration",
              "value": 0.150339
            },
            {
              "name": "TaskDuration",
              "value": 91.40315
            },
            {
              "name": "JSHeapUsedSize",
              "value": 42174584
            }
          ]
        },
        {
          "requestedAt": 1789701111237,
          "receivedAt": 1789701111238,
          "metrics": [
            {
              "name": "Timestamp",
              "value": 10441.935652
            },
            {
              "name": "LayoutDuration",
              "value": 0.000048
            },
            {
              "name": "RecalcStyleDuration",
              "value": 0.000102
            },
            {
              "name": "ScriptDuration",
              "value": 0.150658
            },
            {
              "name": "TaskDuration",
              "value": 91.609983
            },
            {
              "name": "JSHeapUsedSize",
              "value": 76164696
            }
          ]
        },
        {
          "requestedAt": 1789701112239,
          "receivedAt": 1789701112240,
          "metrics": [
            {
              "name": "Timestamp",
              "value": 10442.938263
            },
            {
              "name": "LayoutDuration",
              "value": 0.000048
            },
            {
              "name": "RecalcStyleDuration",
              "value": 0.000102
            },
            {
              "name": "ScriptDuration",
              "value": 0.150955
            },
            {
              "name": "TaskDuration",
              "value": 91.81659
            },
            {
              "name": "JSHeapUsedSize",
              "value": 75210676
            }
          ]
        },
        {
          "requestedAt": 1789701113241,
          "receivedAt": 1789701113242,
          "metrics": [
            {
              "name": "Timestamp",
              "value": 10443.940118
            },
            {
              "name": "LayoutDuration",
              "value": 0.000048
            },
            {
              "name": "RecalcStyleDuration",
              "value": 0.000102
            },
            {
              "name": "ScriptDuration",
              "value": 0.151334
            },
            {
              "name": "TaskDuration",
              "value": 92.040497
            },
            {
              "name": "JSHeapUsedSize",
              "value": 69769928
            }
          ]
        },
        {
          "requestedAt": 1789701114243,
          "receivedAt": 1789701114244,
          "metrics": [
            {
              "name": "Timestamp",
              "value": 10444.942305
            },
            {
              "name": "LayoutDuration",
              "value": 0.000048
            },
            {
              "name": "RecalcStyleDuration",
              "value": 0.000102
            },
            {
              "name": "ScriptDuration",
              "value": 0.152016
            },
            {
              "name": "TaskDuration",
              "value": 92.248193
            },
            {
              "name": "JSHeapUsedSize",
              "value": 68746924
            }
          ]
        },
        {
          "requestedAt": 1789701115245,
          "receivedAt": 1789701115246,
          "metrics": [
            {
              "name": "Timestamp",
              "value": 10445.943841
            },
            {
              "name": "LayoutDuration",
              "value": 0.000048
            },
            {
              "name": "RecalcStyleDuration",
              "value": 0.000102
            },
            {
              "name": "ScriptDuration",
              "value": 0.152338
            },
            {
              "name": "TaskDuration",
              "value": 92.471932
            },
            {
              "name": "JSHeapUsedSize",
              "value": 62985424
            }
          ]
        },
        {
          "requestedAt": 1789701116247,
          "receivedAt": 1789701116248,
          "metrics": [
            {
              "name": "Timestamp",
              "value": 10446.945765
            },
            {
              "name": "LayoutDuration",
              "value": 0.000048
            },
            {
              "name": "RecalcStyleDuration",
              "value": 0.000102
            },
            {
              "name": "ScriptDuration",
              "value": 0.152684
            },
            {
              "name": "TaskDuration",
              "value": 92.676977
            },
            {
              "name": "JSHeapUsedSize",
              "value": 62189524
            }
          ]
        },
        {
          "requestedAt": 1789701117249,
          "receivedAt": 1789701117250,
          "metrics": [
            {
              "name": "Timestamp",
              "value": 10447.948445
            },
            {
              "name": "LayoutDuration",
              "value": 0.000048
            },
            {
              "name": "RecalcStyleDuration",
              "value": 0.000102
            },
            {
              "name": "ScriptDuration",
              "value": 0.15299
            },
            {
              "name": "TaskDuration",
              "value": 92.881042
            },
            {
              "name": "JSHeapUsedSize",
              "value": 95970628
            }
          ]
        },
        {
          "requestedAt": 1789701118250,
          "receivedAt": 1789701118251,
          "metrics": [
            {
              "name": "Timestamp",
              "value": 10448.949749
            },
            {
              "name": "LayoutDuration",
              "value": 0.000048
            },
            {
              "name": "RecalcStyleDuration",
              "value": 0.000102
            },
            {
              "name": "ScriptDuration",
              "value": 0.15338
            },
            {
              "name": "TaskDuration",
              "value": 93.107578
            },
            {
              "name": "JSHeapUsedSize",
              "value": 55768888
            }
          ]
        },
        {
          "requestedAt": 1789701119251,
          "receivedAt": 1789701119252,
          "metrics": [
            {
              "name": "Timestamp",
              "value": 10449.950737
            },
            {
              "name": "LayoutDuration",
              "value": 0.000048
            },
            {
              "name": "RecalcStyleDuration",
              "value": 0.000102
            },
            {
              "name": "ScriptDuration",
              "value": 0.154022
            },
            {
              "name": "TaskDuration",
              "value": 93.311949
            },
            {
              "name": "JSHeapUsedSize",
              "value": 89596584
            }
          ]
        },
        {
          "requestedAt": 1789701120253,
          "receivedAt": 1789701120255,
          "metrics": [
            {
              "name": "Timestamp",
              "value": 10450.952946
            },
            {
              "name": "LayoutDuration",
              "value": 0.000048
            },
            {
              "name": "RecalcStyleDuration",
              "value": 0.000102
            },
            {
              "name": "ScriptDuration",
              "value": 0.154373
            },
            {
              "name": "TaskDuration",
              "value": 93.536039
            },
            {
              "name": "JSHeapUsedSize",
              "value": 49163088
            }
          ]
        },
        {
          "requestedAt": 1789701121256,
          "receivedAt": 1789701121258,
          "metrics": [
            {
              "name": "Timestamp",
              "value": 10451.957029
            },
            {
              "name": "LayoutDuration",
              "value": 0.000048
            },
            {
              "name": "RecalcStyleDuration",
              "value": 0.000102
            },
            {
              "name": "ScriptDuration",
              "value": 0.154675
            },
            {
              "name": "TaskDuration",
              "value": 93.743652
            },
            {
              "name": "JSHeapUsedSize",
              "value": 84794500
            }
          ]
        },
        {
          "requestedAt": 1789701122259,
          "receivedAt": 1789701122260,
          "metrics": [
            {
              "name": "Timestamp",
              "value": 10452.958571
            },
            {
              "name": "LayoutDuration",
              "value": 0.000048
            },
            {
              "name": "RecalcStyleDuration",
              "value": 0.000102
            },
            {
              "name": "ScriptDuration",
              "value": 0.155043
            },
            {
              "name": "TaskDuration",
              "value": 93.973901
            },
            {
              "name": "JSHeapUsedSize",
              "value": 44959960
            }
          ]
        },
        {
          "requestedAt": 1789701123261,
          "receivedAt": 1789701123262,
          "metrics": [
            {
              "name": "Timestamp",
              "value": 10453.960605
            },
            {
              "name": "LayoutDuration",
              "value": 0.000048
            },
            {
              "name": "RecalcStyleDuration",
              "value": 0.000102
            },
            {
              "name": "ScriptDuration",
              "value": 0.155365
            },
            {
              "name": "TaskDuration",
              "value": 94.184034
            },
            {
              "name": "JSHeapUsedSize",
              "value": 79643092
            }
          ]
        },
        {
          "requestedAt": 1789701124264,
          "receivedAt": 1789701124266,
          "metrics": [
            {
              "name": "Timestamp",
              "value": 10454.964676
            },
            {
              "name": "LayoutDuration",
              "value": 0.000048
            },
            {
              "name": "RecalcStyleDuration",
              "value": 0.000102
            },
            {
              "name": "ScriptDuration",
              "value": 0.155991
            },
            {
              "name": "TaskDuration",
              "value": 94.394098
            },
            {
              "name": "JSHeapUsedSize",
              "value": 80531112
            }
          ]
        },
        {
          "requestedAt": 1789701125266,
          "receivedAt": 1789701125269,
          "metrics": [
            {
              "name": "Timestamp",
              "value": 10455.968082
            },
            {
              "name": "LayoutDuration",
              "value": 0.000048
            },
            {
              "name": "RecalcStyleDuration",
              "value": 0.000102
            },
            {
              "name": "ScriptDuration",
              "value": 0.156329
            },
            {
              "name": "TaskDuration",
              "value": 94.620936
            },
            {
              "name": "JSHeapUsedSize",
              "value": 76708788
            }
          ]
        },
        {
          "requestedAt": 1789701126267,
          "receivedAt": 1789701126269,
          "metrics": [
            {
              "name": "Timestamp",
              "value": 10456.968255
            },
            {
              "name": "LayoutDuration",
              "value": 0.000048
            },
            {
              "name": "RecalcStyleDuration",
              "value": 0.000102
            },
            {
              "name": "ScriptDuration",
              "value": 0.156663
            },
            {
              "name": "TaskDuration",
              "value": 94.828734
            },
            {
              "name": "JSHeapUsedSize",
              "value": 75605300
            }
          ]
        },
        {
          "requestedAt": 1789701127269,
          "receivedAt": 1789701127270,
          "metrics": [
            {
              "name": "Timestamp",
              "value": 10457.968902
            },
            {
              "name": "LayoutDuration",
              "value": 0.000048
            },
            {
              "name": "RecalcStyleDuration",
              "value": 0.000102
            },
            {
              "name": "ScriptDuration",
              "value": 0.156964
            },
            {
              "name": "TaskDuration",
              "value": 95.052335
            },
            {
              "name": "JSHeapUsedSize",
              "value": 69906512
            }
          ]
        },
        {
          "requestedAt": 1789701128271,
          "receivedAt": 1789701128274,
          "metrics": [
            {
              "name": "Timestamp",
              "value": 10458.972615
            },
            {
              "name": "LayoutDuration",
              "value": 0.000048
            },
            {
              "name": "RecalcStyleDuration",
              "value": 0.000102
            },
            {
              "name": "ScriptDuration",
              "value": 0.15729
            },
            {
              "name": "TaskDuration",
              "value": 95.261631
            },
            {
              "name": "JSHeapUsedSize",
              "value": 70800080
            }
          ]
        },
        {
          "requestedAt": 1789701129273,
          "receivedAt": 1789701129275,
          "metrics": [
            {
              "name": "Timestamp",
              "value": 10459.973902
            },
            {
              "name": "LayoutDuration",
              "value": 0.000048
            },
            {
              "name": "RecalcStyleDuration",
              "value": 0.000102
            },
            {
              "name": "ScriptDuration",
              "value": 0.157918
            },
            {
              "name": "TaskDuration",
              "value": 95.469014
            },
            {
              "name": "JSHeapUsedSize",
              "value": 104617216
            }
          ]
        },
        {
          "requestedAt": 1789701130275,
          "receivedAt": 1789701130276,
          "metrics": [
            {
              "name": "Timestamp",
              "value": 10460.974954
            },
            {
              "name": "LayoutDuration",
              "value": 0.000048
            },
            {
              "name": "RecalcStyleDuration",
              "value": 0.000102
            },
            {
              "name": "ScriptDuration",
              "value": 0.15828
            },
            {
              "name": "TaskDuration",
              "value": 95.699603
            },
            {
              "name": "JSHeapUsedSize",
              "value": 67951300
            }
          ]
        },
        {
          "requestedAt": 1789701131277,
          "receivedAt": 1789701131278,
          "metrics": [
            {
              "name": "Timestamp",
              "value": 10461.977022
            },
            {
              "name": "LayoutDuration",
              "value": 0.000048
            },
            {
              "name": "RecalcStyleDuration",
              "value": 0.000102
            },
            {
              "name": "ScriptDuration",
              "value": 0.158621
            },
            {
              "name": "TaskDuration",
              "value": 95.906326
            },
            {
              "name": "JSHeapUsedSize",
              "value": 102228360
            }
          ]
        },
        {
          "requestedAt": 1789701132279,
          "receivedAt": 1789701132280,
          "metrics": [
            {
              "name": "Timestamp",
              "value": 10462.979137
            },
            {
              "name": "LayoutDuration",
              "value": 0.000048
            },
            {
              "name": "RecalcStyleDuration",
              "value": 0.000102
            },
            {
              "name": "ScriptDuration",
              "value": 0.158987
            },
            {
              "name": "TaskDuration",
              "value": 96.132353
            },
            {
              "name": "JSHeapUsedSize",
              "value": 62264108
            }
          ]
        },
        {
          "requestedAt": 1789701133281,
          "receivedAt": 1789701133282,
          "metrics": [
            {
              "name": "Timestamp",
              "value": 10463.98096
            },
            {
              "name": "LayoutDuration",
              "value": 0.000048
            },
            {
              "name": "RecalcStyleDuration",
              "value": 0.000102
            },
            {
              "name": "ScriptDuration",
              "value": 0.159312
            },
            {
              "name": "TaskDuration",
              "value": 96.340299
            },
            {
              "name": "JSHeapUsedSize",
              "value": 96834844
            }
          ]
        },
        {
          "requestedAt": 1789701134283,
          "receivedAt": 1789701134284,
          "metrics": [
            {
              "name": "Timestamp",
              "value": 10464.982996
            },
            {
              "name": "LayoutDuration",
              "value": 0.000048
            },
            {
              "name": "RecalcStyleDuration",
              "value": 0.000102
            },
            {
              "name": "ScriptDuration",
              "value": 0.160042
            },
            {
              "name": "TaskDuration",
              "value": 96.566961
            },
            {
              "name": "JSHeapUsedSize",
              "value": 57677324
            }
          ]
        },
        {
          "requestedAt": 1789701135284,
          "receivedAt": 1789701135286,
          "metrics": [
            {
              "name": "Timestamp",
              "value": 10465.985675
            },
            {
              "name": "LayoutDuration",
              "value": 0.000048
            },
            {
              "name": "RecalcStyleDuration",
              "value": 0.000102
            },
            {
              "name": "ScriptDuration",
              "value": 0.16038
            },
            {
              "name": "TaskDuration",
              "value": 96.774806
            },
            {
              "name": "JSHeapUsedSize",
              "value": 93353120
            }
          ]
        },
        {
          "requestedAt": 1789701136287,
          "receivedAt": 1789701136290,
          "metrics": [
            {
              "name": "Timestamp",
              "value": 10466.989276
            },
            {
              "name": "LayoutDuration",
              "value": 0.000048
            },
            {
              "name": "RecalcStyleDuration",
              "value": 0.000102
            },
            {
              "name": "ScriptDuration",
              "value": 0.16067
            },
            {
              "name": "TaskDuration",
              "value": 96.984391
            },
            {
              "name": "JSHeapUsedSize",
              "value": 95430020
            }
          ]
        },
        {
          "requestedAt": 1789701137288,
          "receivedAt": 1789701137292,
          "metrics": [
            {
              "name": "Timestamp",
              "value": 10467.991413
            },
            {
              "name": "LayoutDuration",
              "value": 0.000048
            },
            {
              "name": "RecalcStyleDuration",
              "value": 0.000102
            },
            {
              "name": "ScriptDuration",
              "value": 0.161024
            },
            {
              "name": "TaskDuration",
              "value": 97.207581
            },
            {
              "name": "JSHeapUsedSize",
              "value": 90279528
            }
          ]
        },
        {
          "requestedAt": 1789701138290,
          "receivedAt": 1789701138291,
          "metrics": [
            {
              "name": "Timestamp",
              "value": 10468.99036
            },
            {
              "name": "LayoutDuration",
              "value": 0.000048
            },
            {
              "name": "RecalcStyleDuration",
              "value": 0.000102
            },
            {
              "name": "ScriptDuration",
              "value": 0.16134
            },
            {
              "name": "TaskDuration",
              "value": 97.41329
            },
            {
              "name": "JSHeapUsedSize",
              "value": 89015872
            }
          ]
        },
        {
          "requestedAt": 1789701139291,
          "receivedAt": 1789701139292,
          "metrics": [
            {
              "name": "Timestamp",
              "value": 10469.991763
            },
            {
              "name": "LayoutDuration",
              "value": 0.000048
            },
            {
              "name": "RecalcStyleDuration",
              "value": 0.000102
            },
            {
              "name": "ScriptDuration",
              "value": 0.162037
            },
            {
              "name": "TaskDuration",
              "value": 97.638121
            },
            {
              "name": "JSHeapUsedSize",
              "value": 84071664
            }
          ]
        },
        {
          "requestedAt": 1789701140293,
          "receivedAt": 1789701140294,
          "metrics": [
            {
              "name": "Timestamp",
              "value": 10470.993592
            },
            {
              "name": "LayoutDuration",
              "value": 0.000048
            },
            {
              "name": "RecalcStyleDuration",
              "value": 0.000102
            },
            {
              "name": "ScriptDuration",
              "value": 0.162351
            },
            {
              "name": "TaskDuration",
              "value": 97.843309
            },
            {
              "name": "JSHeapUsedSize",
              "value": 83374036
            }
          ]
        },
        {
          "requestedAt": 1789701141303,
          "receivedAt": 1789701141307,
          "metrics": [
            {
              "name": "Timestamp",
              "value": 10472.006748
            },
            {
              "name": "LayoutDuration",
              "value": 0.000048
            },
            {
              "name": "RecalcStyleDuration",
              "value": 0.000102
            },
            {
              "name": "ScriptDuration",
              "value": 0.162619
            },
            {
              "name": "TaskDuration",
              "value": 98.061878
            },
            {
              "name": "JSHeapUsedSize",
              "value": 42862256
            }
          ]
        },
        {
          "requestedAt": 1789701142304,
          "receivedAt": 1789701142305,
          "metrics": [
            {
              "name": "Timestamp",
              "value": 10473.005189
            },
            {
              "name": "LayoutDuration",
              "value": 0.000048
            },
            {
              "name": "RecalcStyleDuration",
              "value": 0.000102
            },
            {
              "name": "ScriptDuration",
              "value": 0.163036
            },
            {
              "name": "TaskDuration",
              "value": 98.27095
            },
            {
              "name": "JSHeapUsedSize",
              "value": 77117136
            }
          ]
        },
        {
          "requestedAt": 1789701143306,
          "receivedAt": 1789701143307,
          "metrics": [
            {
              "name": "Timestamp",
              "value": 10474.007212
            },
            {
              "name": "LayoutDuration",
              "value": 0.000048
            },
            {
              "name": "RecalcStyleDuration",
              "value": 0.000102
            },
            {
              "name": "ScriptDuration",
              "value": 0.163682
            },
            {
              "name": "TaskDuration",
              "value": 98.477777
            },
            {
              "name": "JSHeapUsedSize",
              "value": 75890868
            }
          ]
        },
        {
          "requestedAt": 1789701144309,
          "receivedAt": 1789701144310,
          "metrics": [
            {
              "name": "Timestamp",
              "value": 10475.009619
            },
            {
              "name": "LayoutDuration",
              "value": 0.000048
            },
            {
              "name": "RecalcStyleDuration",
              "value": 0.000102
            },
            {
              "name": "ScriptDuration",
              "value": 0.164016
            },
            {
              "name": "TaskDuration",
              "value": 98.700022
            },
            {
              "name": "JSHeapUsedSize",
              "value": 70590584
            }
          ]
        },
        {
          "requestedAt": 1789701145311,
          "receivedAt": 1789701145311,
          "metrics": [
            {
              "name": "Timestamp",
              "value": 10476.01143
            },
            {
              "name": "LayoutDuration",
              "value": 0.000048
            },
            {
              "name": "RecalcStyleDuration",
              "value": 0.000102
            },
            {
              "name": "ScriptDuration",
              "value": 0.164331
            },
            {
              "name": "TaskDuration",
              "value": 98.908137
            },
            {
              "name": "JSHeapUsedSize",
              "value": 69479628
            }
          ]
        },
        {
          "requestedAt": 1789701146312,
          "receivedAt": 1789701146313,
          "metrics": [
            {
              "name": "Timestamp",
              "value": 10477.01296
            },
            {
              "name": "LayoutDuration",
              "value": 0.000048
            },
            {
              "name": "RecalcStyleDuration",
              "value": 0.000102
            },
            {
              "name": "ScriptDuration",
              "value": 0.164678
            },
            {
              "name": "TaskDuration",
              "value": 99.133305
            },
            {
              "name": "JSHeapUsedSize",
              "value": 63693888
            }
          ]
        },
        {
          "requestedAt": 1789701147314,
          "receivedAt": 1789701147315,
          "metrics": [
            {
              "name": "Timestamp",
              "value": 10478.015383
            },
            {
              "name": "LayoutDuration",
              "value": 0.000048
            },
            {
              "name": "RecalcStyleDuration",
              "value": 0.000102
            },
            {
              "name": "ScriptDuration",
              "value": 0.164977
            },
            {
              "name": "TaskDuration",
              "value": 99.339238
            },
            {
              "name": "JSHeapUsedSize",
              "value": 62905552
            }
          ]
        },
        {
          "requestedAt": 1789701148316,
          "receivedAt": 1789701148317,
          "metrics": [
            {
              "name": "Timestamp",
              "value": 10479.016844
            },
            {
              "name": "LayoutDuration",
              "value": 0.000048
            },
            {
              "name": "RecalcStyleDuration",
              "value": 0.000102
            },
            {
              "name": "ScriptDuration",
              "value": 0.165601
            },
            {
              "name": "TaskDuration",
              "value": 99.542806
            },
            {
              "name": "JSHeapUsedSize",
              "value": 96696420
            }
          ]
        },
        {
          "requestedAt": 1789701149318,
          "receivedAt": 1789701149319,
          "metrics": [
            {
              "name": "Timestamp",
              "value": 10480.019364
            },
            {
              "name": "LayoutDuration",
              "value": 0.000048
            },
            {
              "name": "RecalcStyleDuration",
              "value": 0.000102
            },
            {
              "name": "ScriptDuration",
              "value": 0.165971
            },
            {
              "name": "TaskDuration",
              "value": 99.76785
            },
            {
              "name": "JSHeapUsedSize",
              "value": 56415616
            }
          ]
        },
        {
          "requestedAt": 1789701150320,
          "receivedAt": 1789701150321,
          "metrics": [
            {
              "name": "Timestamp",
              "value": 10481.021014
            },
            {
              "name": "LayoutDuration",
              "value": 0.000048
            },
            {
              "name": "RecalcStyleDuration",
              "value": 0.000102
            },
            {
              "name": "ScriptDuration",
              "value": 0.16628
            },
            {
              "name": "TaskDuration",
              "value": 99.970812
            },
            {
              "name": "JSHeapUsedSize",
              "value": 90288004
            }
          ]
        },
        {
          "requestedAt": 1789701151322,
          "receivedAt": 1789701151323,
          "metrics": [
            {
              "name": "Timestamp",
              "value": 10482.023643
            },
            {
              "name": "LayoutDuration",
              "value": 0.000048
            },
            {
              "name": "RecalcStyleDuration",
              "value": 0.000102
            },
            {
              "name": "ScriptDuration",
              "value": 0.166609
            },
            {
              "name": "TaskDuration",
              "value": 100.195831
            },
            {
              "name": "JSHeapUsedSize",
              "value": 49898288
            }
          ]
        },
        {
          "requestedAt": 1789701152325,
          "receivedAt": 1789701152326,
          "metrics": [
            {
              "name": "Timestamp",
              "value": 10483.026385
            },
            {
              "name": "LayoutDuration",
              "value": 0.000048
            },
            {
              "name": "RecalcStyleDuration",
              "value": 0.000102
            },
            {
              "name": "ScriptDuration",
              "value": 0.166932
            },
            {
              "name": "TaskDuration",
              "value": 100.399472
            },
            {
              "name": "JSHeapUsedSize",
              "value": 83791368
            }
          ]
        },
        {
          "requestedAt": 1789701153327,
          "receivedAt": 1789701153328,
          "metrics": [
            {
              "name": "Timestamp",
              "value": 10484.028353
            },
            {
              "name": "LayoutDuration",
              "value": 0.000048
            },
            {
              "name": "RecalcStyleDuration",
              "value": 0.000102
            },
            {
              "name": "ScriptDuration",
              "value": 0.167649
            },
            {
              "name": "TaskDuration",
              "value": 100.624216
            },
            {
              "name": "JSHeapUsedSize",
              "value": 43149268
            }
          ]
        },
        {
          "requestedAt": 1789701154329,
          "receivedAt": 1789701154330,
          "metrics": [
            {
              "name": "Timestamp",
              "value": 10485.030125
            },
            {
              "name": "LayoutDuration",
              "value": 0.000048
            },
            {
              "name": "RecalcStyleDuration",
              "value": 0.000102
            },
            {
              "name": "ScriptDuration",
              "value": 0.168018
            },
            {
              "name": "TaskDuration",
              "value": 100.829038
            },
            {
              "name": "JSHeapUsedSize",
              "value": 77141064
            }
          ]
        },
        {
          "requestedAt": 1789701155331,
          "receivedAt": 1789701155332,
          "metrics": [
            {
              "name": "Timestamp",
              "value": 10486.032233
            },
            {
              "name": "LayoutDuration",
              "value": 0.000048
            },
            {
              "name": "RecalcStyleDuration",
              "value": 0.000102
            },
            {
              "name": "ScriptDuration",
              "value": 0.168296
            },
            {
              "name": "TaskDuration",
              "value": 101.034741
            },
            {
              "name": "JSHeapUsedSize",
              "value": 76250156
            }
          ]
        },
        {
          "requestedAt": 1789701156332,
          "receivedAt": 1789701156333,
          "metrics": [
            {
              "name": "Timestamp",
              "value": 10487.034049
            },
            {
              "name": "LayoutDuration",
              "value": 0.000048
            },
            {
              "name": "RecalcStyleDuration",
              "value": 0.000102
            },
            {
              "name": "ScriptDuration",
              "value": 0.168678
            },
            {
              "name": "TaskDuration",
              "value": 101.257159
            },
            {
              "name": "JSHeapUsedSize",
              "value": 70610988
            }
          ]
        },
        {
          "requestedAt": 1789701157334,
          "receivedAt": 1789701157335,
          "metrics": [
            {
              "name": "Timestamp",
              "value": 10488.035745
            },
            {
              "name": "LayoutDuration",
              "value": 0.000048
            },
            {
              "name": "RecalcStyleDuration",
              "value": 0.000102
            },
            {
              "name": "ScriptDuration",
              "value": 0.168984
            },
            {
              "name": "TaskDuration",
              "value": 101.463405
            },
            {
              "name": "JSHeapUsedSize",
              "value": 69541744
            }
          ]
        },
        {
          "requestedAt": 1789701158335,
          "receivedAt": 1789701158336,
          "metrics": [
            {
              "name": "Timestamp",
              "value": 10489.03667
            },
            {
              "name": "LayoutDuration",
              "value": 0.000048
            },
            {
              "name": "RecalcStyleDuration",
              "value": 0.000102
            },
            {
              "name": "ScriptDuration",
              "value": 0.16962
            },
            {
              "name": "TaskDuration",
              "value": 101.689275
            },
            {
              "name": "JSHeapUsedSize",
              "value": 63983468
            }
          ]
        },
        {
          "requestedAt": 1789701159338,
          "receivedAt": 1789701159339,
          "metrics": [
            {
              "name": "Timestamp",
              "value": 10490.039442
            },
            {
              "name": "LayoutDuration",
              "value": 0.000048
            },
            {
              "name": "RecalcStyleDuration",
              "value": 0.000102
            },
            {
              "name": "ScriptDuration",
              "value": 0.169949
            },
            {
              "name": "TaskDuration",
              "value": 101.895297
            },
            {
              "name": "JSHeapUsedSize",
              "value": 63212308
            }
          ]
        },
        {
          "requestedAt": 1789701160339,
          "receivedAt": 1789701160340,
          "metrics": [
            {
              "name": "Timestamp",
              "value": 10491.040943
            },
            {
              "name": "LayoutDuration",
              "value": 0.000048
            },
            {
              "name": "RecalcStyleDuration",
              "value": 0.000102
            },
            {
              "name": "ScriptDuration",
              "value": 0.170211
            },
            {
              "name": "TaskDuration",
              "value": 102.098421
            },
            {
              "name": "JSHeapUsedSize",
              "value": 97233772
            }
          ]
        },
        {
          "requestedAt": 1789701161341,
          "receivedAt": 1789701161343,
          "metrics": [
            {
              "name": "Timestamp",
              "value": 10492.043405
            },
            {
              "name": "LayoutDuration",
              "value": 0.000048
            },
            {
              "name": "RecalcStyleDuration",
              "value": 0.000102
            },
            {
              "name": "ScriptDuration",
              "value": 0.170571
            },
            {
              "name": "TaskDuration",
              "value": 102.325681
            },
            {
              "name": "JSHeapUsedSize",
              "value": 56687920
            }
          ]
        },
        {
          "requestedAt": 1789701162373,
          "receivedAt": 1789701162374,
          "metrics": [
            {
              "name": "Timestamp",
              "value": 10493.075196
            },
            {
              "name": "LayoutDuration",
              "value": 0.000048
            },
            {
              "name": "RecalcStyleDuration",
              "value": 0.000102
            },
            {
              "name": "ScriptDuration",
              "value": 0.170923
            },
            {
              "name": "TaskDuration",
              "value": 102.529146
            },
            {
              "name": "JSHeapUsedSize",
              "value": 90694740
            }
          ]
        },
        {
          "requestedAt": 1789701163374,
          "receivedAt": 1789701163375,
          "metrics": [
            {
              "name": "Timestamp",
              "value": 10494.076279
            },
            {
              "name": "LayoutDuration",
              "value": 0.000048
            },
            {
              "name": "RecalcStyleDuration",
              "value": 0.000102
            },
            {
              "name": "ScriptDuration",
              "value": 0.171616
            },
            {
              "name": "TaskDuration",
              "value": 102.755013
            },
            {
              "name": "JSHeapUsedSize",
              "value": 49987644
            }
          ]
        },
        {
          "requestedAt": 1789701164375,
          "receivedAt": 1789701164376,
          "metrics": [
            {
              "name": "Timestamp",
              "value": 10495.076954
            },
            {
              "name": "LayoutDuration",
              "value": 0.000048
            },
            {
              "name": "RecalcStyleDuration",
              "value": 0.000102
            },
            {
              "name": "ScriptDuration",
              "value": 0.171974
            },
            {
              "name": "TaskDuration",
              "value": 102.95889
            },
            {
              "name": "JSHeapUsedSize",
              "value": 83792280
            }
          ]
        },
        {
          "requestedAt": 1789701165384,
          "receivedAt": 1789701165385,
          "metrics": [
            {
              "name": "Timestamp",
              "value": 10496.086088
            },
            {
              "name": "LayoutDuration",
              "value": 0.000048
            },
            {
              "name": "RecalcStyleDuration",
              "value": 0.000102
            },
            {
              "name": "ScriptDuration",
              "value": 0.172301
            },
            {
              "name": "TaskDuration",
              "value": 103.181939
            },
            {
              "name": "JSHeapUsedSize",
              "value": 43429032
            }
          ]
        },
        {
          "requestedAt": 1789701166386,
          "receivedAt": 1789701166386,
          "metrics": [
            {
              "name": "Timestamp",
              "value": 10497.087682
            },
            {
              "name": "LayoutDuration",
              "value": 0.000048
            },
            {
              "name": "RecalcStyleDuration",
              "value": 0.000102
            },
            {
              "name": "ScriptDuration",
              "value": 0.172653
            },
            {
              "name": "TaskDuration",
              "value": 103.386932
            },
            {
              "name": "JSHeapUsedSize",
              "value": 77682216
            }
          ]
        },
        {
          "requestedAt": 1789701167387,
          "receivedAt": 1789701167388,
          "metrics": [
            {
              "name": "Timestamp",
              "value": 10498.08911
            },
            {
              "name": "LayoutDuration",
              "value": 0.000048
            },
            {
              "name": "RecalcStyleDuration",
              "value": 0.000102
            },
            {
              "name": "ScriptDuration",
              "value": 0.172949
            },
            {
              "name": "TaskDuration",
              "value": 103.591678
            },
            {
              "name": "JSHeapUsedSize",
              "value": 76471312
            }
          ]
        },
        {
          "requestedAt": 1789701168389,
          "receivedAt": 1789701168390,
          "metrics": [
            {
              "name": "Timestamp",
              "value": 10499.091396
            },
            {
              "name": "LayoutDuration",
              "value": 0.000048
            },
            {
              "name": "RecalcStyleDuration",
              "value": 0.000102
            },
            {
              "name": "ScriptDuration",
              "value": 0.173657
            },
            {
              "name": "TaskDuration",
              "value": 103.817413
            },
            {
              "name": "JSHeapUsedSize",
              "value": 50256764
            }
          ]
        },
        {
          "requestedAt": 1789701169389,
          "receivedAt": 1789701169389,
          "metrics": [
            {
              "name": "Timestamp",
              "value": 10500.090778
            },
            {
              "name": "LayoutDuration",
              "value": 0.000048
            },
            {
              "name": "RecalcStyleDuration",
              "value": 0.000102
            },
            {
              "name": "ScriptDuration",
              "value": 0.173988
            },
            {
              "name": "TaskDuration",
              "value": 104.021283
            },
            {
              "name": "JSHeapUsedSize",
              "value": 84324288
            }
          ]
        },
        {
          "requestedAt": 1789701170391,
          "receivedAt": 1789701170392,
          "metrics": [
            {
              "name": "Timestamp",
              "value": 10501.093452
            },
            {
              "name": "LayoutDuration",
              "value": 0.000048
            },
            {
              "name": "RecalcStyleDuration",
              "value": 0.000102
            },
            {
              "name": "ScriptDuration",
              "value": 0.174308
            },
            {
              "name": "TaskDuration",
              "value": 104.294891
            },
            {
              "name": "JSHeapUsedSize",
              "value": 83173900
            }
          ]
        },
        {
          "requestedAt": 1789701171393,
          "receivedAt": 1789701171393,
          "metrics": [
            {
              "name": "Timestamp",
              "value": 10502.095111
            },
            {
              "name": "LayoutDuration",
              "value": 0.000048
            },
            {
              "name": "RecalcStyleDuration",
              "value": 0.000102
            },
            {
              "name": "ScriptDuration",
              "value": 0.174654
            },
            {
              "name": "TaskDuration",
              "value": 104.523408
            },
            {
              "name": "JSHeapUsedSize",
              "value": 56914716
            }
          ]
        },
        {
          "requestedAt": 1789701172395,
          "receivedAt": 1789701172396,
          "metrics": [
            {
              "name": "Timestamp",
              "value": 10503.097339
            },
            {
              "name": "LayoutDuration",
              "value": 0.000048
            },
            {
              "name": "RecalcStyleDuration",
              "value": 0.000102
            },
            {
              "name": "ScriptDuration",
              "value": 0.174951
            },
            {
              "name": "TaskDuration",
              "value": 104.726775
            },
            {
              "name": "JSHeapUsedSize",
              "value": 90671780
            }
          ]
        },
        {
          "requestedAt": 1789701173397,
          "receivedAt": 1789701173397,
          "metrics": [
            {
              "name": "Timestamp",
              "value": 10504.099081
            },
            {
              "name": "LayoutDuration",
              "value": 0.000048
            },
            {
              "name": "RecalcStyleDuration",
              "value": 0.000102
            },
            {
              "name": "ScriptDuration",
              "value": 0.175665
            },
            {
              "name": "TaskDuration",
              "value": 104.950047
            },
            {
              "name": "JSHeapUsedSize",
              "value": 64160480
            }
          ]
        },
        {
          "requestedAt": 1789701174399,
          "receivedAt": 1789701174400,
          "metrics": [
            {
              "name": "Timestamp",
              "value": 10505.101378
            },
            {
              "name": "LayoutDuration",
              "value": 0.000048
            },
            {
              "name": "RecalcStyleDuration",
              "value": 0.000102
            },
            {
              "name": "ScriptDuration",
              "value": 0.176011
            },
            {
              "name": "TaskDuration",
              "value": 105.156249
            },
            {
              "name": "JSHeapUsedSize",
              "value": 63423588
            }
          ]
        },
        {
          "requestedAt": 1789701175400,
          "receivedAt": 1789701175401,
          "metrics": [
            {
              "name": "Timestamp",
              "value": 10506.102578
            },
            {
              "name": "LayoutDuration",
              "value": 0.000048
            },
            {
              "name": "RecalcStyleDuration",
              "value": 0.000102
            },
            {
              "name": "ScriptDuration",
              "value": 0.176289
            },
            {
              "name": "TaskDuration",
              "value": 105.35739
            },
            {
              "name": "JSHeapUsedSize",
              "value": 97143500
            }
          ]
        },
        {
          "requestedAt": 1789701176403,
          "receivedAt": 1789701176403,
          "metrics": [
            {
              "name": "Timestamp",
              "value": 10507.105337
            },
            {
              "name": "LayoutDuration",
              "value": 0.000048
            },
            {
              "name": "RecalcStyleDuration",
              "value": 0.000102
            },
            {
              "name": "ScriptDuration",
              "value": 0.176646
            },
            {
              "name": "TaskDuration",
              "value": 105.58199
            },
            {
              "name": "JSHeapUsedSize",
              "value": 71090448
            }
          ]
        },
        {
          "requestedAt": 1789701177404,
          "receivedAt": 1789701177405,
          "metrics": [
            {
              "name": "Timestamp",
              "value": 10508.106769
            },
            {
              "name": "LayoutDuration",
              "value": 0.000048
            },
            {
              "name": "RecalcStyleDuration",
              "value": 0.000102
            },
            {
              "name": "ScriptDuration",
              "value": 0.176964
            },
            {
              "name": "TaskDuration",
              "value": 105.787143
            },
            {
              "name": "JSHeapUsedSize",
              "value": 70166200
            }
          ]
        },
        {
          "requestedAt": 1789701178407,
          "receivedAt": 1789701178408,
          "metrics": [
            {
              "name": "Timestamp",
              "value": 10509.109543
            },
            {
              "name": "LayoutDuration",
              "value": 0.000048
            },
            {
              "name": "RecalcStyleDuration",
              "value": 0.000102
            },
            {
              "name": "ScriptDuration",
              "value": 0.177678
            },
            {
              "name": "TaskDuration",
              "value": 106.011208
            },
            {
              "name": "JSHeapUsedSize",
              "value": 43722528
            }
          ]
        },
        {
          "requestedAt": 1789701179408,
          "receivedAt": 1789701179409,
          "metrics": [
            {
              "name": "Timestamp",
              "value": 10510.110709
            },
            {
              "name": "LayoutDuration",
              "value": 0.000048
            },
            {
              "name": "RecalcStyleDuration",
              "value": 0.000102
            },
            {
              "name": "ScriptDuration",
              "value": 0.178
            },
            {
              "name": "TaskDuration",
              "value": 106.216837
            },
            {
              "name": "JSHeapUsedSize",
              "value": 77717192
            }
          ]
        },
        {
          "requestedAt": 1789701180410,
          "receivedAt": 1789701180411,
          "metrics": [
            {
              "name": "Timestamp",
              "value": 10511.112988
            },
            {
              "name": "LayoutDuration",
              "value": 0.000048
            },
            {
              "name": "RecalcStyleDuration",
              "value": 0.000102
            },
            {
              "name": "ScriptDuration",
              "value": 0.178337
            },
            {
              "name": "TaskDuration",
              "value": 106.420731
            },
            {
              "name": "JSHeapUsedSize",
              "value": 76823244
            }
          ]
        },
        {
          "requestedAt": 1789701181412,
          "receivedAt": 1789701181413,
          "metrics": [
            {
              "name": "Timestamp",
              "value": 10512.114875
            },
            {
              "name": "LayoutDuration",
              "value": 0.000048
            },
            {
              "name": "RecalcStyleDuration",
              "value": 0.000102
            },
            {
              "name": "ScriptDuration",
              "value": 0.178707
            },
            {
              "name": "TaskDuration",
              "value": 106.641689
            },
            {
              "name": "JSHeapUsedSize",
              "value": 50547748
            }
          ]
        },
        {
          "requestedAt": 1789701182414,
          "receivedAt": 1789701182415,
          "metrics": [
            {
              "name": "Timestamp",
              "value": 10513.117013
            },
            {
              "name": "LayoutDuration",
              "value": 0.000048
            },
            {
              "name": "RecalcStyleDuration",
              "value": 0.000102
            },
            {
              "name": "ScriptDuration",
              "value": 0.179026
            },
            {
              "name": "TaskDuration",
              "value": 106.845217
            },
            {
              "name": "JSHeapUsedSize",
              "value": 84471780
            }
          ]
        },
        {
          "requestedAt": 1789701183416,
          "receivedAt": 1789701183417,
          "metrics": [
            {
              "name": "Timestamp",
              "value": 10514.119092
            },
            {
              "name": "LayoutDuration",
              "value": 0.000048
            },
            {
              "name": "RecalcStyleDuration",
              "value": 0.000102
            },
            {
              "name": "ScriptDuration",
              "value": 0.179769
            },
            {
              "name": "TaskDuration",
              "value": 107.050263
            },
            {
              "name": "JSHeapUsedSize",
              "value": 83383632
            }
          ]
        },
        {
          "requestedAt": 1789701184418,
          "receivedAt": 1789701184419,
          "metrics": [
            {
              "name": "Timestamp",
              "value": 10515.120858
            },
            {
              "name": "LayoutDuration",
              "value": 0.000048
            },
            {
              "name": "RecalcStyleDuration",
              "value": 0.000102
            },
            {
              "name": "ScriptDuration",
              "value": 0.18015
            },
            {
              "name": "TaskDuration",
              "value": 107.275788
            },
            {
              "name": "JSHeapUsedSize",
              "value": 57168276
            }
          ]
        },
        {
          "requestedAt": 1789701185420,
          "receivedAt": 1789701185421,
          "metrics": [
            {
              "name": "Timestamp",
              "value": 10516.123193
            },
            {
              "name": "LayoutDuration",
              "value": 0.000048
            },
            {
              "name": "RecalcStyleDuration",
              "value": 0.000102
            },
            {
              "name": "ScriptDuration",
              "value": 0.18047
            },
            {
              "name": "TaskDuration",
              "value": 107.47807
            },
            {
              "name": "JSHeapUsedSize",
              "value": 90964488
            }
          ]
        },
        {
          "requestedAt": 1789701186422,
          "receivedAt": 1789701186423,
          "metrics": [
            {
              "name": "Timestamp",
              "value": 10517.12506
            },
            {
              "name": "LayoutDuration",
              "value": 0.000048
            },
            {
              "name": "RecalcStyleDuration",
              "value": 0.000102
            },
            {
              "name": "ScriptDuration",
              "value": 0.180824
            },
            {
              "name": "TaskDuration",
              "value": 107.700787
            },
            {
              "name": "JSHeapUsedSize",
              "value": 64716944
            }
          ]
        },
        {
          "requestedAt": 1789701187424,
          "receivedAt": 1789701187425,
          "metrics": [
            {
              "name": "Timestamp",
              "value": 10518.127563
            },
            {
              "name": "LayoutDuration",
              "value": 0.000048
            },
            {
              "name": "RecalcStyleDuration",
              "value": 0.000102
            },
            {
              "name": "ScriptDuration",
              "value": 0.181161
            },
            {
              "name": "TaskDuration",
              "value": 107.907449
            },
            {
              "name": "JSHeapUsedSize",
              "value": 63834936
            }
          ]
        },
        {
          "requestedAt": 1789701188424,
          "receivedAt": 1789701188425,
          "metrics": [
            {
              "name": "Timestamp",
              "value": 10519.127799
            },
            {
              "name": "LayoutDuration",
              "value": 0.000048
            },
            {
              "name": "RecalcStyleDuration",
              "value": 0.000102
            },
            {
              "name": "ScriptDuration",
              "value": 0.181802
            },
            {
              "name": "TaskDuration",
              "value": 108.111272
            },
            {
              "name": "JSHeapUsedSize",
              "value": 97607124
            }
          ]
        },
        {
          "requestedAt": 1789701189426,
          "receivedAt": 1789701189427,
          "metrics": [
            {
              "name": "Timestamp",
              "value": 10520.129995
            },
            {
              "name": "LayoutDuration",
              "value": 0.000048
            },
            {
              "name": "RecalcStyleDuration",
              "value": 0.000102
            },
            {
              "name": "ScriptDuration",
              "value": 0.182166
            },
            {
              "name": "TaskDuration",
              "value": 108.336631
            },
            {
              "name": "JSHeapUsedSize",
              "value": 71347072
            }
          ]
        },
        {
          "requestedAt": 1789701190429,
          "receivedAt": 1789701190430,
          "metrics": [
            {
              "name": "Timestamp",
              "value": 10521.132318
            },
            {
              "name": "LayoutDuration",
              "value": 0.000048
            },
            {
              "name": "RecalcStyleDuration",
              "value": 0.000102
            },
            {
              "name": "ScriptDuration",
              "value": 0.182455
            },
            {
              "name": "TaskDuration",
              "value": 108.543558
            },
            {
              "name": "JSHeapUsedSize",
              "value": 70306648
            }
          ]
        },
        {
          "requestedAt": 1789701191430,
          "receivedAt": 1789701191431,
          "metrics": [
            {
              "name": "Timestamp",
              "value": 10522.133607
            },
            {
              "name": "LayoutDuration",
              "value": 0.000048
            },
            {
              "name": "RecalcStyleDuration",
              "value": 0.000102
            },
            {
              "name": "ScriptDuration",
              "value": 0.182771
            },
            {
              "name": "TaskDuration",
              "value": 108.763477
            },
            {
              "name": "JSHeapUsedSize",
              "value": 44007856
            }
          ]
        },
        {
          "requestedAt": 1789701192432,
          "receivedAt": 1789701192433,
          "metrics": [
            {
              "name": "Timestamp",
              "value": 10523.135849
            },
            {
              "name": "LayoutDuration",
              "value": 0.000048
            },
            {
              "name": "RecalcStyleDuration",
              "value": 0.000102
            },
            {
              "name": "ScriptDuration",
              "value": 0.183089
            },
            {
              "name": "TaskDuration",
              "value": 108.968058
            },
            {
              "name": "JSHeapUsedSize",
              "value": 78250512
            }
          ]
        },
        {
          "requestedAt": 1789701193434,
          "receivedAt": 1789701193435,
          "metrics": [
            {
              "name": "Timestamp",
              "value": 10524.137676
            },
            {
              "name": "LayoutDuration",
              "value": 0.000048
            },
            {
              "name": "RecalcStyleDuration",
              "value": 0.000102
            },
            {
              "name": "ScriptDuration",
              "value": 0.18372
            },
            {
              "name": "TaskDuration",
              "value": 109.172673
            },
            {
              "name": "JSHeapUsedSize",
              "value": 77019312
            }
          ]
        },
        {
          "requestedAt": 1789701194436,
          "receivedAt": 1789701194437,
          "metrics": [
            {
              "name": "Timestamp",
              "value": 10525.139557
            },
            {
              "name": "LayoutDuration",
              "value": 0.000048
            },
            {
              "name": "RecalcStyleDuration",
              "value": 0.000102
            },
            {
              "name": "ScriptDuration",
              "value": 0.184072
            },
            {
              "name": "TaskDuration",
              "value": 109.393956
            },
            {
              "name": "JSHeapUsedSize",
              "value": 50834180
            }
          ]
        },
        {
          "requestedAt": 1789701195437,
          "receivedAt": 1789701195438,
          "metrics": [
            {
              "name": "Timestamp",
              "value": 10526.140742
            },
            {
              "name": "LayoutDuration",
              "value": 0.000048
            },
            {
              "name": "RecalcStyleDuration",
              "value": 0.000102
            },
            {
              "name": "ScriptDuration",
              "value": 0.184378
            },
            {
              "name": "TaskDuration",
              "value": 109.596431
            },
            {
              "name": "JSHeapUsedSize",
              "value": 84745760
            }
          ]
        },
        {
          "requestedAt": 1789701196439,
          "receivedAt": 1789701196440,
          "metrics": [
            {
              "name": "Timestamp",
              "value": 10527.143548
            },
            {
              "name": "LayoutDuration",
              "value": 0.000048
            },
            {
              "name": "RecalcStyleDuration",
              "value": 0.000102
            },
            {
              "name": "ScriptDuration",
              "value": 0.184654
            },
            {
              "name": "TaskDuration",
              "value": 109.798583
            },
            {
              "name": "JSHeapUsedSize",
              "value": 83677056
            }
          ]
        },
        {
          "requestedAt": 1789701197441,
          "receivedAt": 1789701197442,
          "metrics": [
            {
              "name": "Timestamp",
              "value": 10528.145081
            },
            {
              "name": "LayoutDuration",
              "value": 0.000048
            },
            {
              "name": "RecalcStyleDuration",
              "value": 0.000102
            },
            {
              "name": "ScriptDuration",
              "value": 0.18499
            },
            {
              "name": "TaskDuration",
              "value": 110.020046
            },
            {
              "name": "JSHeapUsedSize",
              "value": 57489424
            }
          ]
        },
        {
          "requestedAt": 1789701198443,
          "receivedAt": 1789701198444,
          "metrics": [
            {
              "name": "Timestamp",
              "value": 10529.147397
            },
            {
              "name": "LayoutDuration",
              "value": 0.000048
            },
            {
              "name": "RecalcStyleDuration",
              "value": 0.000102
            },
            {
              "name": "ScriptDuration",
              "value": 0.185615
            },
            {
              "name": "TaskDuration",
              "value": 110.222435
            },
            {
              "name": "JSHeapUsedSize",
              "value": 91513428
            }
          ]
        },
        {
          "requestedAt": 1789701199445,
          "receivedAt": 1789701199446,
          "metrics": [
            {
              "name": "Timestamp",
              "value": 10530.149486
            },
            {
              "name": "LayoutDuration",
              "value": 0.000048
            },
            {
              "name": "RecalcStyleDuration",
              "value": 0.000102
            },
            {
              "name": "ScriptDuration",
              "value": 0.185974
            },
            {
              "name": "TaskDuration",
              "value": 110.444282
            },
            {
              "name": "JSHeapUsedSize",
              "value": 65013916
            }
          ]
        },
        {
          "requestedAt": 1789701200447,
          "receivedAt": 1789701200448,
          "metrics": [
            {
              "name": "Timestamp",
              "value": 10531.151602
            },
            {
              "name": "LayoutDuration",
              "value": 0.000048
            },
            {
              "name": "RecalcStyleDuration",
              "value": 0.000102
            },
            {
              "name": "ScriptDuration",
              "value": 0.186273
            },
            {
              "name": "TaskDuration",
              "value": 110.648179
            },
            {
              "name": "JSHeapUsedSize",
              "value": 64090532
            }
          ]
        },
        {
          "requestedAt": 1789701201449,
          "receivedAt": 1789701201453,
          "metrics": [
            {
              "name": "Timestamp",
              "value": 10532.156441
            },
            {
              "name": "LayoutDuration",
              "value": 0.000048
            },
            {
              "name": "RecalcStyleDuration",
              "value": 0.000102
            },
            {
              "name": "ScriptDuration",
              "value": 0.186564
            },
            {
              "name": "TaskDuration",
              "value": 110.853278
            },
            {
              "name": "JSHeapUsedSize",
              "value": 99874484
            }
          ]
        },
        {
          "requestedAt": 1789701202451,
          "receivedAt": 1789701202453,
          "metrics": [
            {
              "name": "Timestamp",
              "value": 10533.156283
            },
            {
              "name": "LayoutDuration",
              "value": 0.000048
            },
            {
              "name": "RecalcStyleDuration",
              "value": 0.000102
            },
            {
              "name": "ScriptDuration",
              "value": 0.186962
            },
            {
              "name": "TaskDuration",
              "value": 111.098924
            },
            {
              "name": "JSHeapUsedSize",
              "value": 73766640
            }
          ]
        },
        {
          "requestedAt": 1789701203452,
          "receivedAt": 1789701203454,
          "metrics": [
            {
              "name": "Timestamp",
              "value": 10534.157618
            },
            {
              "name": "LayoutDuration",
              "value": 0.000048
            },
            {
              "name": "RecalcStyleDuration",
              "value": 0.000102
            },
            {
              "name": "ScriptDuration",
              "value": 0.187614
            },
            {
              "name": "TaskDuration",
              "value": 111.304133
            },
            {
              "name": "JSHeapUsedSize",
              "value": 72665880
            }
          ]
        },
        {
          "requestedAt": 1789701204454,
          "receivedAt": 1789701204456,
          "metrics": [
            {
              "name": "Timestamp",
              "value": 10535.158995
            },
            {
              "name": "LayoutDuration",
              "value": 0.000048
            },
            {
              "name": "RecalcStyleDuration",
              "value": 0.000102
            },
            {
              "name": "ScriptDuration",
              "value": 0.187938
            },
            {
              "name": "TaskDuration",
              "value": 111.526618
            },
            {
              "name": "JSHeapUsedSize",
              "value": 47491728
            }
          ]
        },
        {
          "requestedAt": 1789701205457,
          "receivedAt": 1789701205461,
          "metrics": [
            {
              "name": "Timestamp",
              "value": 10536.164211
            },
            {
              "name": "LayoutDuration",
              "value": 0.000048
            },
            {
              "name": "RecalcStyleDuration",
              "value": 0.000102
            },
            {
              "name": "ScriptDuration",
              "value": 0.188237
            },
            {
              "name": "TaskDuration",
              "value": 111.737174
            },
            {
              "name": "JSHeapUsedSize",
              "value": 83210140
            }
          ]
        },
        {
          "requestedAt": 1789701206458,
          "receivedAt": 1789701206461,
          "metrics": [
            {
              "name": "Timestamp",
              "value": 10537.164136
            },
            {
              "name": "LayoutDuration",
              "value": 0.000048
            },
            {
              "name": "RecalcStyleDuration",
              "value": 0.000102
            },
            {
              "name": "ScriptDuration",
              "value": 0.188526
            },
            {
              "name": "TaskDuration",
              "value": 111.941669
            },
            {
              "name": "JSHeapUsedSize",
              "value": 82264872
            }
          ]
        },
        {
          "requestedAt": 1789701207460,
          "receivedAt": 1789701207464,
          "metrics": [
            {
              "name": "Timestamp",
              "value": 10538.167191
            },
            {
              "name": "LayoutDuration",
              "value": 0.000048
            },
            {
              "name": "RecalcStyleDuration",
              "value": 0.000102
            },
            {
              "name": "ScriptDuration",
              "value": 0.188858
            },
            {
              "name": "TaskDuration",
              "value": 112.168369
            },
            {
              "name": "JSHeapUsedSize",
              "value": 57757696
            }
          ]
        },
        {
          "requestedAt": 1789701208462,
          "receivedAt": 1789701208467,
          "metrics": [
            {
              "name": "Timestamp",
              "value": 10539.170342
            },
            {
              "name": "LayoutDuration",
              "value": 0.000048
            },
            {
              "name": "RecalcStyleDuration",
              "value": 0.000102
            },
            {
              "name": "ScriptDuration",
              "value": 0.189563
            },
            {
              "name": "TaskDuration",
              "value": 112.377972
            },
            {
              "name": "JSHeapUsedSize",
              "value": 93275668
            }
          ]
        },
        {
          "requestedAt": 1789701209464,
          "receivedAt": 1789701209468,
          "metrics": [
            {
              "name": "Timestamp",
              "value": 10540.171991
            },
            {
              "name": "LayoutDuration",
              "value": 0.000048
            },
            {
              "name": "RecalcStyleDuration",
              "value": 0.000102
            },
            {
              "name": "ScriptDuration",
              "value": 0.189861
            },
            {
              "name": "TaskDuration",
              "value": 112.584506
            },
            {
              "name": "JSHeapUsedSize",
              "value": 92438032
            }
          ]
        },
        {
          "requestedAt": 1789701210466,
          "receivedAt": 1789701210468,
          "metrics": [
            {
              "name": "Timestamp",
              "value": 10541.171976
            },
            {
              "name": "LayoutDuration",
              "value": 0.000048
            },
            {
              "name": "RecalcStyleDuration",
              "value": 0.000102
            },
            {
              "name": "ScriptDuration",
              "value": 0.190208
            },
            {
              "name": "TaskDuration",
              "value": 112.808841
            },
            {
              "name": "JSHeapUsedSize",
              "value": 66085760
            }
          ]
        },
        {
          "requestedAt": 1789701211469,
          "receivedAt": 1789701211470,
          "metrics": [
            {
              "name": "Timestamp",
              "value": 10542.173497
            },
            {
              "name": "LayoutDuration",
              "value": 0.000048
            },
            {
              "name": "RecalcStyleDuration",
              "value": 0.000102
            },
            {
              "name": "ScriptDuration",
              "value": 0.190509
            },
            {
              "name": "TaskDuration",
              "value": 113.013125
            },
            {
              "name": "JSHeapUsedSize",
              "value": 103302204
            }
          ]
        },
        {
          "requestedAt": 1789701212470,
          "receivedAt": 1789701212471,
          "metrics": [
            {
              "name": "Timestamp",
              "value": 10543.175039
            },
            {
              "name": "LayoutDuration",
              "value": 0.000048
            },
            {
              "name": "RecalcStyleDuration",
              "value": 0.000102
            },
            {
              "name": "ScriptDuration",
              "value": 0.190801
            },
            {
              "name": "TaskDuration",
              "value": 113.237768
            },
            {
              "name": "JSHeapUsedSize",
              "value": 77113972
            }
          ]
        },
        {
          "requestedAt": 1789701213472,
          "receivedAt": 1789701213473,
          "metrics": [
            {
              "name": "Timestamp",
              "value": 10544.177034
            },
            {
              "name": "LayoutDuration",
              "value": 0.000048
            },
            {
              "name": "RecalcStyleDuration",
              "value": 0.000102
            },
            {
              "name": "ScriptDuration",
              "value": 0.191461
            },
            {
              "name": "TaskDuration",
              "value": 113.444191
            },
            {
              "name": "JSHeapUsedSize",
              "value": 77015316
            }
          ]
        },
        {
          "requestedAt": 1789701214474,
          "receivedAt": 1789701214475,
          "metrics": [
            {
              "name": "Timestamp",
              "value": 10545.178743
            },
            {
              "name": "LayoutDuration",
              "value": 0.000048
            },
            {
              "name": "RecalcStyleDuration",
              "value": 0.000102
            },
            {
              "name": "ScriptDuration",
              "value": 0.191733
            },
            {
              "name": "TaskDuration",
              "value": 113.649214
            },
            {
              "name": "JSHeapUsedSize",
              "value": 110900220
            }
          ]
        },
        {
          "requestedAt": 1789701215476,
          "receivedAt": 1789701215477,
          "metrics": [
            {
              "name": "Timestamp",
              "value": 10546.181134
            },
            {
              "name": "LayoutDuration",
              "value": 0.000048
            },
            {
              "name": "RecalcStyleDuration",
              "value": 0.000102
            },
            {
              "name": "ScriptDuration",
              "value": 0.192057
            },
            {
              "name": "TaskDuration",
              "value": 113.871496
            },
            {
              "name": "JSHeapUsedSize",
              "value": 86745856
            }
          ]
        },
        {
          "requestedAt": 1789701216478,
          "receivedAt": 1789701216482,
          "metrics": [
            {
              "name": "Timestamp",
              "value": 10547.185978
            },
            {
              "name": "LayoutDuration",
              "value": 0.000048
            },
            {
              "name": "RecalcStyleDuration",
              "value": 0.000102
            },
            {
              "name": "ScriptDuration",
              "value": 0.192354
            },
            {
              "name": "TaskDuration",
              "value": 114.079738
            },
            {
              "name": "JSHeapUsedSize",
              "value": 87902396
            }
          ]
        },
        {
          "requestedAt": 1789701217480,
          "receivedAt": 1789701217482,
          "metrics": [
            {
              "name": "Timestamp",
              "value": 10548.186566
            },
            {
              "name": "LayoutDuration",
              "value": 0.000048
            },
            {
              "name": "RecalcStyleDuration",
              "value": 0.000102
            },
            {
              "name": "ScriptDuration",
              "value": 0.192679
            },
            {
              "name": "TaskDuration",
              "value": 114.3018
            },
            {
              "name": "JSHeapUsedSize",
              "value": 61226248
            }
          ]
        },
        {
          "requestedAt": 1789701218482,
          "receivedAt": 1789701218486,
          "metrics": [
            {
              "name": "Timestamp",
              "value": 10549.190415
            },
            {
              "name": "LayoutDuration",
              "value": 0.000048
            },
            {
              "name": "RecalcStyleDuration",
              "value": 0.000102
            },
            {
              "name": "ScriptDuration",
              "value": 0.193303
            },
            {
              "name": "TaskDuration",
              "value": 114.509975
            },
            {
              "name": "JSHeapUsedSize",
              "value": 98412764
            }
          ]
        },
        {
          "requestedAt": 1789701219484,
          "receivedAt": 1789701219486,
          "metrics": [
            {
              "name": "Timestamp",
              "value": 10550.190471
            },
            {
              "name": "LayoutDuration",
              "value": 0.000048
            },
            {
              "name": "RecalcStyleDuration",
              "value": 0.000102
            },
            {
              "name": "ScriptDuration",
              "value": 0.193604
            },
            {
              "name": "TaskDuration",
              "value": 114.713725
            },
            {
              "name": "JSHeapUsedSize",
              "value": 97583256
            }
          ]
        },
        {
          "requestedAt": 1789701220485,
          "receivedAt": 1789701220487,
          "metrics": [
            {
              "name": "Timestamp",
              "value": 10551.191033
            },
            {
              "name": "LayoutDuration",
              "value": 0.000048
            },
            {
              "name": "RecalcStyleDuration",
              "value": 0.000102
            },
            {
              "name": "ScriptDuration",
              "value": 0.193931
            },
            {
              "name": "TaskDuration",
              "value": 114.937754
            },
            {
              "name": "JSHeapUsedSize",
              "value": 71647208
            }
          ]
        },
        {
          "requestedAt": 1789701221488,
          "receivedAt": 1789701221490,
          "metrics": [
            {
              "name": "Timestamp",
              "value": 10552.194435
            },
            {
              "name": "LayoutDuration",
              "value": 0.000048
            },
            {
              "name": "RecalcStyleDuration",
              "value": 0.000102
            },
            {
              "name": "ScriptDuration",
              "value": 0.194203
            },
            {
              "name": "TaskDuration",
              "value": 115.143573
            },
            {
              "name": "JSHeapUsedSize",
              "value": 71165536
            }
          ]
        },
        {
          "requestedAt": 1789701222490,
          "receivedAt": 1789701222505,
          "metrics": [
            {
              "name": "Timestamp",
              "value": 10553.209261
            },
            {
              "name": "LayoutDuration",
              "value": 0.000048
            },
            {
              "name": "RecalcStyleDuration",
              "value": 0.000102
            },
            {
              "name": "ScriptDuration",
              "value": 0.194492
            },
            {
              "name": "TaskDuration",
              "value": 115.361971
            },
            {
              "name": "JSHeapUsedSize",
              "value": 44690072
            }
          ]
        },
        {
          "requestedAt": 1789701223493,
          "receivedAt": 1789701223494,
          "metrics": [
            {
              "name": "Timestamp",
              "value": 10554.198582
            },
            {
              "name": "LayoutDuration",
              "value": 0.000048
            },
            {
              "name": "RecalcStyleDuration",
              "value": 0.000102
            },
            {
              "name": "ScriptDuration",
              "value": 0.195189
            },
            {
              "name": "TaskDuration",
              "value": 115.568516
            },
            {
              "name": "JSHeapUsedSize",
              "value": 78802300
            }
          ]
        },
        {
          "requestedAt": 1789701224494,
          "receivedAt": 1789701224495,
          "metrics": [
            {
              "name": "Timestamp",
              "value": 10555.199903
            },
            {
              "name": "LayoutDuration",
              "value": 0.000048
            },
            {
              "name": "RecalcStyleDuration",
              "value": 0.000102
            },
            {
              "name": "ScriptDuration",
              "value": 0.195483
            },
            {
              "name": "TaskDuration",
              "value": 115.77265
            },
            {
              "name": "JSHeapUsedSize",
              "value": 77773764
            }
          ]
        },
        {
          "requestedAt": 1789701225496,
          "receivedAt": 1789701225497,
          "metrics": [
            {
              "name": "Timestamp",
              "value": 10556.202011
            },
            {
              "name": "LayoutDuration",
              "value": 0.000048
            },
            {
              "name": "RecalcStyleDuration",
              "value": 0.000102
            },
            {
              "name": "ScriptDuration",
              "value": 0.195821
            },
            {
              "name": "TaskDuration",
              "value": 115.994698
            },
            {
              "name": "JSHeapUsedSize",
              "value": 51555552
            }
          ]
        },
        {
          "requestedAt": 1789701226498,
          "receivedAt": 1789701226499,
          "metrics": [
            {
              "name": "Timestamp",
              "value": 10557.203391
            },
            {
              "name": "LayoutDuration",
              "value": 0.000048
            },
            {
              "name": "RecalcStyleDuration",
              "value": 0.000102
            },
            {
              "name": "ScriptDuration",
              "value": 0.196104
            },
            {
              "name": "TaskDuration",
              "value": 116.196978
            },
            {
              "name": "JSHeapUsedSize",
              "value": 85563920
            }
          ]
        },
        {
          "requestedAt": 1789701227500,
          "receivedAt": 1789701227500,
          "metrics": [
            {
              "name": "Timestamp",
              "value": 10558.205412
            },
            {
              "name": "LayoutDuration",
              "value": 0.000048
            },
            {
              "name": "RecalcStyleDuration",
              "value": 0.000102
            },
            {
              "name": "ScriptDuration",
              "value": 0.196356
            },
            {
              "name": "TaskDuration",
              "value": 116.40011
            },
            {
              "name": "JSHeapUsedSize",
              "value": 84384940
            }
          ]
        },
        {
          "requestedAt": 1789701228501,
          "receivedAt": 1789701228502,
          "metrics": [
            {
              "name": "Timestamp",
              "value": 10559.207273
            },
            {
              "name": "LayoutDuration",
              "value": 0.000048
            },
            {
              "name": "RecalcStyleDuration",
              "value": 0.000102
            },
            {
              "name": "ScriptDuration",
              "value": 0.197093
            },
            {
              "name": "TaskDuration",
              "value": 116.624817
            },
            {
              "name": "JSHeapUsedSize",
              "value": 58147976
            }
          ]
        },
        {
          "requestedAt": 1789701229503,
          "receivedAt": 1789701229504,
          "metrics": [
            {
              "name": "Timestamp",
              "value": 10560.209325
            },
            {
              "name": "LayoutDuration",
              "value": 0.000048
            },
            {
              "name": "RecalcStyleDuration",
              "value": 0.000102
            },
            {
              "name": "ScriptDuration",
              "value": 0.197383
            },
            {
              "name": "TaskDuration",
              "value": 116.836057
            },
            {
              "name": "JSHeapUsedSize",
              "value": 92063960
            }
          ]
        },
        {
          "requestedAt": 1789701230505,
          "receivedAt": 1789701230506,
          "metrics": [
            {
              "name": "Timestamp",
              "value": 10561.210983
            },
            {
              "name": "LayoutDuration",
              "value": 0.000048
            },
            {
              "name": "RecalcStyleDuration",
              "value": 0.000102
            },
            {
              "name": "ScriptDuration",
              "value": 0.197729
            },
            {
              "name": "TaskDuration",
              "value": 117.076158
            },
            {
              "name": "JSHeapUsedSize",
              "value": 65696948
            }
          ]
        },
        {
          "requestedAt": 1789701231507,
          "receivedAt": 1789701231508,
          "metrics": [
            {
              "name": "Timestamp",
              "value": 10562.212773
            },
            {
              "name": "LayoutDuration",
              "value": 0.000048
            },
            {
              "name": "RecalcStyleDuration",
              "value": 0.000102
            },
            {
              "name": "ScriptDuration",
              "value": 0.198031
            },
            {
              "name": "TaskDuration",
              "value": 117.279972
            },
            {
              "name": "JSHeapUsedSize",
              "value": 64834020
            }
          ]
        },
        {
          "requestedAt": 1789701232509,
          "receivedAt": 1789701232510,
          "metrics": [
            {
              "name": "Timestamp",
              "value": 10563.214765
            },
            {
              "name": "LayoutDuration",
              "value": 0.000048
            },
            {
              "name": "RecalcStyleDuration",
              "value": 0.000102
            },
            {
              "name": "ScriptDuration",
              "value": 0.198314
            },
            {
              "name": "TaskDuration",
              "value": 117.481159
            },
            {
              "name": "JSHeapUsedSize",
              "value": 98671692
            }
          ]
        },
        {
          "requestedAt": 1789701233511,
          "receivedAt": 1789701233512,
          "metrics": [
            {
              "name": "Timestamp",
              "value": 10564.21734
            },
            {
              "name": "LayoutDuration",
              "value": 0.000048
            },
            {
              "name": "RecalcStyleDuration",
              "value": 0.000102
            },
            {
              "name": "ScriptDuration",
              "value": 0.199032
            },
            {
              "name": "TaskDuration",
              "value": 117.703485
            },
            {
              "name": "JSHeapUsedSize",
              "value": 72347252
            }
          ]
        },
        {
          "requestedAt": 1789701234513,
          "receivedAt": 1789701234514,
          "metrics": [
            {
              "name": "Timestamp",
              "value": 10565.218986
            },
            {
              "name": "LayoutDuration",
              "value": 0.000048
            },
            {
              "name": "RecalcStyleDuration",
              "value": 0.000102
            },
            {
              "name": "ScriptDuration",
              "value": 0.199314
            },
            {
              "name": "TaskDuration",
              "value": 117.907617
            },
            {
              "name": "JSHeapUsedSize",
              "value": 71454024
            }
          ]
        },
        {
          "requestedAt": 1789701235515,
          "receivedAt": 1789701235516,
          "metrics": [
            {
              "name": "Timestamp",
              "value": 10566.2213
            },
            {
              "name": "LayoutDuration",
              "value": 0.000048
            },
            {
              "name": "RecalcStyleDuration",
              "value": 0.000102
            },
            {
              "name": "ScriptDuration",
              "value": 0.199569
            },
            {
              "name": "TaskDuration",
              "value": 118.128121
            },
            {
              "name": "JSHeapUsedSize",
              "value": 44977584
            }
          ]
        },
        {
          "requestedAt": 1789701236516,
          "receivedAt": 1789701236517,
          "metrics": [
            {
              "name": "Timestamp",
              "value": 10567.222866
            },
            {
              "name": "LayoutDuration",
              "value": 0.000048
            },
            {
              "name": "RecalcStyleDuration",
              "value": 0.000102
            },
            {
              "name": "ScriptDuration",
              "value": 0.19992
            },
            {
              "name": "TaskDuration",
              "value": 118.331156
            },
            {
              "name": "JSHeapUsedSize",
              "value": 78965388
            }
          ]
        },
        {
          "requestedAt": 1789701237519,
          "receivedAt": 1789701237520,
          "metrics": [
            {
              "name": "Timestamp",
              "value": 10568.225638
            },
            {
              "name": "LayoutDuration",
              "value": 0.000048
            },
            {
              "name": "RecalcStyleDuration",
              "value": 0.000102
            },
            {
              "name": "ScriptDuration",
              "value": 0.200199
            },
            {
              "name": "TaskDuration",
              "value": 118.535397
            },
            {
              "name": "JSHeapUsedSize",
              "value": 78075756
            }
          ]
        },
        {
          "requestedAt": 1789701238522,
          "receivedAt": 1789701238523,
          "metrics": [
            {
              "name": "Timestamp",
              "value": 10569.228292
            },
            {
              "name": "LayoutDuration",
              "value": 0.000048
            },
            {
              "name": "RecalcStyleDuration",
              "value": 0.000102
            },
            {
              "name": "ScriptDuration",
              "value": 0.2009
            },
            {
              "name": "TaskDuration",
              "value": 118.759083
            },
            {
              "name": "JSHeapUsedSize",
              "value": 51840964
            }
          ]
        },
        {
          "requestedAt": 1789701239523,
          "receivedAt": 1789701239524,
          "metrics": [
            {
              "name": "Timestamp",
              "value": 10570.22979
            },
            {
              "name": "LayoutDuration",
              "value": 0.000048
            },
            {
              "name": "RecalcStyleDuration",
              "value": 0.000102
            },
            {
              "name": "ScriptDuration",
              "value": 0.201188
            },
            {
              "name": "TaskDuration",
              "value": 118.961937
            },
            {
              "name": "JSHeapUsedSize",
              "value": 85611624
            }
          ]
        },
        {
          "requestedAt": 1789701240523,
          "receivedAt": 1789701240524,
          "metrics": [
            {
              "name": "Timestamp",
              "value": 10571.229814
            },
            {
              "name": "LayoutDuration",
              "value": 0.000048
            },
            {
              "name": "RecalcStyleDuration",
              "value": 0.000102
            },
            {
              "name": "ScriptDuration",
              "value": 0.201449
            },
            {
              "name": "TaskDuration",
              "value": 119.16499
            },
            {
              "name": "JSHeapUsedSize",
              "value": 84684224
            }
          ]
        },
        {
          "requestedAt": 1789701241526,
          "receivedAt": 1789701241527,
          "metrics": [
            {
              "name": "Timestamp",
              "value": 10572.23229
            },
            {
              "name": "LayoutDuration",
              "value": 0.000048
            },
            {
              "name": "RecalcStyleDuration",
              "value": 0.000102
            },
            {
              "name": "ScriptDuration",
              "value": 0.201832
            },
            {
              "name": "TaskDuration",
              "value": 119.387854
            },
            {
              "name": "JSHeapUsedSize",
              "value": 58496704
            }
          ]
        },
        {
          "requestedAt": 1789701242527,
          "receivedAt": 1789701242528,
          "metrics": [
            {
              "name": "Timestamp",
              "value": 10573.234022
            },
            {
              "name": "LayoutDuration",
              "value": 0.000048
            },
            {
              "name": "RecalcStyleDuration",
              "value": 0.000102
            },
            {
              "name": "ScriptDuration",
              "value": 0.202118
            },
            {
              "name": "TaskDuration",
              "value": 119.589553
            },
            {
              "name": "JSHeapUsedSize",
              "value": 92222284
            }
          ]
        },
        {
          "requestedAt": 1789701243527,
          "receivedAt": 1789701243528,
          "metrics": [
            {
              "name": "Timestamp",
              "value": 10574.23387
            },
            {
              "name": "LayoutDuration",
              "value": 0.000048
            },
            {
              "name": "RecalcStyleDuration",
              "value": 0.000102
            },
            {
              "name": "ScriptDuration",
              "value": 0.202763
            },
            {
              "name": "TaskDuration",
              "value": 119.812289
            },
            {
              "name": "JSHeapUsedSize",
              "value": 65857064
            }
          ]
        },
        {
          "requestedAt": 1789701244529,
          "receivedAt": 1789701244530,
          "metrics": [
            {
              "name": "Timestamp",
              "value": 10575.235996
            },
            {
              "name": "LayoutDuration",
              "value": 0.000048
            },
            {
              "name": "RecalcStyleDuration",
              "value": 0.000102
            },
            {
              "name": "ScriptDuration",
              "value": 0.203083
            },
            {
              "name": "TaskDuration",
              "value": 120.015457
            },
            {
              "name": "JSHeapUsedSize",
              "value": 65093032
            }
          ]
        },
        {
          "requestedAt": 1789701245531,
          "receivedAt": 1789701245532,
          "metrics": [
            {
              "name": "Timestamp",
              "value": 10576.237678
            },
            {
              "name": "LayoutDuration",
              "value": 0.000048
            },
            {
              "name": "RecalcStyleDuration",
              "value": 0.000102
            },
            {
              "name": "ScriptDuration",
              "value": 0.203352
            },
            {
              "name": "TaskDuration",
              "value": 120.21907
            },
            {
              "name": "JSHeapUsedSize",
              "value": 98843436
            }
          ]
        },
        {
          "requestedAt": 1789701246539,
          "receivedAt": 1789701246540,
          "metrics": [
            {
              "name": "Timestamp",
              "value": 10577.246053
            },
            {
              "name": "LayoutDuration",
              "value": 0.000048
            },
            {
              "name": "RecalcStyleDuration",
              "value": 0.000102
            },
            {
              "name": "ScriptDuration",
              "value": 0.203714
            },
            {
              "name": "TaskDuration",
              "value": 120.442455
            },
            {
              "name": "JSHeapUsedSize",
              "value": 72636752
            }
          ]
        },
        {
          "requestedAt": 1789701247576,
          "receivedAt": 1789701247577,
          "metrics": [
            {
              "name": "Timestamp",
              "value": 10578.282715
            },
            {
              "name": "LayoutDuration",
              "value": 0.000048
            },
            {
              "name": "RecalcStyleDuration",
              "value": 0.000102
            },
            {
              "name": "ScriptDuration",
              "value": 0.204035
            },
            {
              "name": "TaskDuration",
              "value": 120.646576
            },
            {
              "name": "JSHeapUsedSize",
              "value": 71716120
            }
          ]
        },
        {
          "requestedAt": 1789701248580,
          "receivedAt": 1789701248581,
          "metrics": [
            {
              "name": "Timestamp",
              "value": 10579.287068
            },
            {
              "name": "LayoutDuration",
              "value": 0.000048
            },
            {
              "name": "RecalcStyleDuration",
              "value": 0.000102
            },
            {
              "name": "ScriptDuration",
              "value": 0.20474
            },
            {
              "name": "TaskDuration",
              "value": 120.869465
            },
            {
              "name": "JSHeapUsedSize",
              "value": 45269300
            }
          ]
        },
        {
          "requestedAt": 1789701249580,
          "receivedAt": 1789701249581,
          "metrics": [
            {
              "name": "Timestamp",
              "value": 10580.287021
            },
            {
              "name": "LayoutDuration",
              "value": 0.000048
            },
            {
              "name": "RecalcStyleDuration",
              "value": 0.000102
            },
            {
              "name": "ScriptDuration",
              "value": 0.205107
            },
            {
              "name": "TaskDuration",
              "value": 121.073626
            },
            {
              "name": "JSHeapUsedSize",
              "value": 79393448
            }
          ]
        },
        {
          "requestedAt": 1789701250581,
          "receivedAt": 1789701250582,
          "metrics": [
            {
              "name": "Timestamp",
              "value": 10581.28841
            },
            {
              "name": "LayoutDuration",
              "value": 0.000048
            },
            {
              "name": "RecalcStyleDuration",
              "value": 0.000102
            },
            {
              "name": "ScriptDuration",
              "value": 0.205458
            },
            {
              "name": "TaskDuration",
              "value": 121.296635
            },
            {
              "name": "JSHeapUsedSize",
              "value": 45312300
            }
          ]
        },
        {
          "requestedAt": 1789701251581,
          "receivedAt": 1789701251582,
          "metrics": [
            {
              "name": "Timestamp",
              "value": 10582.288479
            },
            {
              "name": "LayoutDuration",
              "value": 0.000048
            },
            {
              "name": "RecalcStyleDuration",
              "value": 0.000102
            },
            {
              "name": "ScriptDuration",
              "value": 0.205816
            },
            {
              "name": "TaskDuration",
              "value": 121.500877
            },
            {
              "name": "JSHeapUsedSize",
              "value": 79300636
            }
          ]
        },
        {
          "requestedAt": 1789701252582,
          "receivedAt": 1789701252583,
          "metrics": [
            {
              "name": "Timestamp",
              "value": 10583.289608
            },
            {
              "name": "LayoutDuration",
              "value": 0.000048
            },
            {
              "name": "RecalcStyleDuration",
              "value": 0.000102
            },
            {
              "name": "ScriptDuration",
              "value": 0.206184
            },
            {
              "name": "TaskDuration",
              "value": 121.7246
            },
            {
              "name": "JSHeapUsedSize",
              "value": 52180284
            }
          ]
        },
        {
          "requestedAt": 1789701253583,
          "receivedAt": 1789701253584,
          "metrics": [
            {
              "name": "Timestamp",
              "value": 10584.290682
            },
            {
              "name": "LayoutDuration",
              "value": 0.000048
            },
            {
              "name": "RecalcStyleDuration",
              "value": 0.000102
            },
            {
              "name": "ScriptDuration",
              "value": 0.206843
            },
            {
              "name": "TaskDuration",
              "value": 121.928345
            },
            {
              "name": "JSHeapUsedSize",
              "value": 86027712
            }
          ]
        },
        {
          "requestedAt": 1789701254584,
          "receivedAt": 1789701254585,
          "metrics": [
            {
              "name": "Timestamp",
              "value": 10585.291303
            },
            {
              "name": "LayoutDuration",
              "value": 0.000048
            },
            {
              "name": "RecalcStyleDuration",
              "value": 0.000102
            },
            {
              "name": "ScriptDuration",
              "value": 0.207157
            },
            {
              "name": "TaskDuration",
              "value": 122.133781
            },
            {
              "name": "JSHeapUsedSize",
              "value": 84992528
            }
          ]
        },
        {
          "requestedAt": 1789701255584,
          "receivedAt": 1789701255585,
          "metrics": [
            {
              "name": "Timestamp",
              "value": 10586.291634
            },
            {
              "name": "LayoutDuration",
              "value": 0.000048
            },
            {
              "name": "RecalcStyleDuration",
              "value": 0.000102
            },
            {
              "name": "ScriptDuration",
              "value": 0.207579
            },
            {
              "name": "TaskDuration",
              "value": 122.357269
            },
            {
              "name": "JSHeapUsedSize",
              "value": 58610076
            }
          ]
        },
        {
          "requestedAt": 1789701256587,
          "receivedAt": 1789701256588,
          "metrics": [
            {
              "name": "Timestamp",
              "value": 10587.294272
            },
            {
              "name": "LayoutDuration",
              "value": 0.000048
            },
            {
              "name": "RecalcStyleDuration",
              "value": 0.000102
            },
            {
              "name": "ScriptDuration",
              "value": 0.207913
            },
            {
              "name": "TaskDuration",
              "value": 122.559703
            },
            {
              "name": "JSHeapUsedSize",
              "value": 92517256
            }
          ]
        },
        {
          "requestedAt": 1789701257587,
          "receivedAt": 1789701257588,
          "metrics": [
            {
              "name": "Timestamp",
              "value": 10588.294575
            },
            {
              "name": "LayoutDuration",
              "value": 0.000048
            },
            {
              "name": "RecalcStyleDuration",
              "value": 0.000102
            },
            {
              "name": "ScriptDuration",
              "value": 0.208357
            },
            {
              "name": "TaskDuration",
              "value": 122.784277
            },
            {
              "name": "JSHeapUsedSize",
              "value": 66296468
            }
          ]
        },
        {
          "requestedAt": 1789701258589,
          "receivedAt": 1789701258590,
          "metrics": [
            {
              "name": "Timestamp",
              "value": 10589.296725
            },
            {
              "name": "LayoutDuration",
              "value": 0.000048
            },
            {
              "name": "RecalcStyleDuration",
              "value": 0.000102
            },
            {
              "name": "ScriptDuration",
              "value": 0.209072
            },
            {
              "name": "TaskDuration",
              "value": 122.989418
            },
            {
              "name": "JSHeapUsedSize",
              "value": 65409024
            }
          ]
        },
        {
          "requestedAt": 1789701259591,
          "receivedAt": 1789701259592,
          "metrics": [
            {
              "name": "Timestamp",
              "value": 10590.29868
            },
            {
              "name": "LayoutDuration",
              "value": 0.000048
            },
            {
              "name": "RecalcStyleDuration",
              "value": 0.000102
            },
            {
              "name": "ScriptDuration",
              "value": 0.209413
            },
            {
              "name": "TaskDuration",
              "value": 123.191242
            },
            {
              "name": "JSHeapUsedSize",
              "value": 99289088
            }
          ]
        },
        {
          "requestedAt": 1789701260594,
          "receivedAt": 1789701260594,
          "metrics": [
            {
              "name": "Timestamp",
              "value": 10591.301444
            },
            {
              "name": "LayoutDuration",
              "value": 0.000048
            },
            {
              "name": "RecalcStyleDuration",
              "value": 0.000102
            },
            {
              "name": "ScriptDuration",
              "value": 0.209802
            },
            {
              "name": "TaskDuration",
              "value": 123.414044
            },
            {
              "name": "JSHeapUsedSize",
              "value": 72942348
            }
          ]
        },
        {
          "requestedAt": 1789701261595,
          "receivedAt": 1789701261596,
          "metrics": [
            {
              "name": "Timestamp",
              "value": 10592.302911
            },
            {
              "name": "LayoutDuration",
              "value": 0.000048
            },
            {
              "name": "RecalcStyleDuration",
              "value": 0.000102
            },
            {
              "name": "ScriptDuration",
              "value": 0.210147
            },
            {
              "name": "TaskDuration",
              "value": 123.620493
            },
            {
              "name": "JSHeapUsedSize",
              "value": 72026392
            }
          ]
        },
        {
          "requestedAt": 1789701262597,
          "receivedAt": 1789701262598,
          "metrics": [
            {
              "name": "Timestamp",
              "value": 10593.305055
            },
            {
              "name": "LayoutDuration",
              "value": 0.000048
            },
            {
              "name": "RecalcStyleDuration",
              "value": 0.000102
            },
            {
              "name": "ScriptDuration",
              "value": 0.210512
            },
            {
              "name": "TaskDuration",
              "value": 123.8399
            },
            {
              "name": "JSHeapUsedSize",
              "value": 45578928
            }
          ]
        },
        {
          "requestedAt": 1789701263599,
          "receivedAt": 1789701263600,
          "metrics": [
            {
              "name": "Timestamp",
              "value": 10594.306774
            },
            {
              "name": "LayoutDuration",
              "value": 0.000048
            },
            {
              "name": "RecalcStyleDuration",
              "value": 0.000102
            },
            {
              "name": "ScriptDuration",
              "value": 0.211224
            },
            {
              "name": "TaskDuration",
              "value": 124.044338
            },
            {
              "name": "JSHeapUsedSize",
              "value": 79569812
            }
          ]
        },
        {
          "requestedAt": 1789701264601,
          "receivedAt": 1789701264602,
          "metrics": [
            {
              "name": "Timestamp",
              "value": 10595.30897
            },
            {
              "name": "LayoutDuration",
              "value": 0.000048
            },
            {
              "name": "RecalcStyleDuration",
              "value": 0.000102
            },
            {
              "name": "ScriptDuration",
              "value": 0.211613
            },
            {
              "name": "TaskDuration",
              "value": 124.249021
            },
            {
              "name": "JSHeapUsedSize",
              "value": 78661712
            }
          ]
        },
        {
          "requestedAt": 1789701265603,
          "receivedAt": 1789701265604,
          "metrics": [
            {
              "name": "Timestamp",
              "value": 10596.310924
            },
            {
              "name": "LayoutDuration",
              "value": 0.000048
            },
            {
              "name": "RecalcStyleDuration",
              "value": 0.000102
            },
            {
              "name": "ScriptDuration",
              "value": 0.212013
            },
            {
              "name": "TaskDuration",
              "value": 124.473263
            },
            {
              "name": "JSHeapUsedSize",
              "value": 52401316
            }
          ]
        },
        {
          "requestedAt": 1789701266604,
          "receivedAt": 1789701266605,
          "metrics": [
            {
              "name": "Timestamp",
              "value": 10597.312204
            },
            {
              "name": "LayoutDuration",
              "value": 0.000048
            },
            {
              "name": "RecalcStyleDuration",
              "value": 0.000102
            },
            {
              "name": "ScriptDuration",
              "value": 0.212326
            },
            {
              "name": "TaskDuration",
              "value": 124.676684
            },
            {
              "name": "JSHeapUsedSize",
              "value": 86193880
            }
          ]
        },
        {
          "requestedAt": 1789701267606,
          "receivedAt": 1789701267607,
          "metrics": [
            {
              "name": "Timestamp",
              "value": 10598.314175
            },
            {
              "name": "LayoutDuration",
              "value": 0.000048
            },
            {
              "name": "RecalcStyleDuration",
              "value": 0.000102
            },
            {
              "name": "ScriptDuration",
              "value": 0.212629
            },
            {
              "name": "TaskDuration",
              "value": 124.880373
            },
            {
              "name": "JSHeapUsedSize",
              "value": 85269516
            }
          ]
        },
        {
          "requestedAt": 1789701268606,
          "receivedAt": 1789701268607,
          "metrics": [
            {
              "name": "Timestamp",
              "value": 10599.31423
            },
            {
              "name": "LayoutDuration",
              "value": 0.000048
            },
            {
              "name": "RecalcStyleDuration",
              "value": 0.000102
            },
            {
              "name": "ScriptDuration",
              "value": 0.213383
            },
            {
              "name": "TaskDuration",
              "value": 125.10827
            },
            {
              "name": "JSHeapUsedSize",
              "value": 59040288
            }
          ]
        },
        {
          "requestedAt": 1789701269606,
          "receivedAt": 1789701269607,
          "metrics": [
            {
              "name": "Timestamp",
              "value": 10600.314328
            },
            {
              "name": "LayoutDuration",
              "value": 0.000048
            },
            {
              "name": "RecalcStyleDuration",
              "value": 0.000102
            },
            {
              "name": "ScriptDuration",
              "value": 0.213724
            },
            {
              "name": "TaskDuration",
              "value": 125.310332
            },
            {
              "name": "JSHeapUsedSize",
              "value": 92834372
            }
          ]
        },
        {
          "requestedAt": 1789701270606,
          "receivedAt": 1789701270607,
          "metrics": [
            {
              "name": "Timestamp",
              "value": 10601.314289
            },
            {
              "name": "LayoutDuration",
              "value": 0.000048
            },
            {
              "name": "RecalcStyleDuration",
              "value": 0.000102
            },
            {
              "name": "ScriptDuration",
              "value": 0.21413
            },
            {
              "name": "TaskDuration",
              "value": 125.534821
            },
            {
              "name": "JSHeapUsedSize",
              "value": 66458396
            }
          ]
        },
        {
          "requestedAt": 1789701271606,
          "receivedAt": 1789701271607,
          "metrics": [
            {
              "name": "Timestamp",
              "value": 10602.314223
            },
            {
              "name": "LayoutDuration",
              "value": 0.000048
            },
            {
              "name": "RecalcStyleDuration",
              "value": 0.000102
            },
            {
              "name": "ScriptDuration",
              "value": 0.214516
            },
            {
              "name": "TaskDuration",
              "value": 125.739534
            },
            {
              "name": "JSHeapUsedSize",
              "value": 65725256
            }
          ]
        },
        {
          "requestedAt": 1789701272606,
          "receivedAt": 1789701272607,
          "metrics": [
            {
              "name": "Timestamp",
              "value": 10603.314442
            },
            {
              "name": "LayoutDuration",
              "value": 0.000048
            },
            {
              "name": "RecalcStyleDuration",
              "value": 0.000102
            },
            {
              "name": "ScriptDuration",
              "value": 0.214843
            },
            {
              "name": "TaskDuration",
              "value": 125.941535
            },
            {
              "name": "JSHeapUsedSize",
              "value": 99445744
            }
          ]
        },
        {
          "requestedAt": 1789701273607,
          "receivedAt": 1789701273608,
          "metrics": [
            {
              "name": "Timestamp",
              "value": 10604.315725
            },
            {
              "name": "LayoutDuration",
              "value": 0.000048
            },
            {
              "name": "RecalcStyleDuration",
              "value": 0.000102
            },
            {
              "name": "ScriptDuration",
              "value": 0.215655
            },
            {
              "name": "TaskDuration",
              "value": 126.165161
            },
            {
              "name": "JSHeapUsedSize",
              "value": 73241344
            }
          ]
        },
        {
          "requestedAt": 1789701274609,
          "receivedAt": 1789701274610,
          "metrics": [
            {
              "name": "Timestamp",
              "value": 10605.317749
            },
            {
              "name": "LayoutDuration",
              "value": 0.000048
            },
            {
              "name": "RecalcStyleDuration",
              "value": 0.000102
            },
            {
              "name": "ScriptDuration",
              "value": 0.215992
            },
            {
              "name": "TaskDuration",
              "value": 126.370857
            },
            {
              "name": "JSHeapUsedSize",
              "value": 72303788
            }
          ]
        },
        {
          "requestedAt": 1789701275612,
          "receivedAt": 1789701275613,
          "metrics": [
            {
              "name": "Timestamp",
              "value": 10606.320648
            },
            {
              "name": "LayoutDuration",
              "value": 0.000048
            },
            {
              "name": "RecalcStyleDuration",
              "value": 0.000102
            },
            {
              "name": "ScriptDuration",
              "value": 0.21634
            },
            {
              "name": "TaskDuration",
              "value": 126.590282
            },
            {
              "name": "JSHeapUsedSize",
              "value": 45868964
            }
          ]
        },
        {
          "requestedAt": 1789701276612,
          "receivedAt": 1789701276613,
          "metrics": [
            {
              "name": "Timestamp",
              "value": 10607.32124
            },
            {
              "name": "LayoutDuration",
              "value": 0.000048
            },
            {
              "name": "RecalcStyleDuration",
              "value": 0.000102
            },
            {
              "name": "ScriptDuration",
              "value": 0.21672
            },
            {
              "name": "TaskDuration",
              "value": 126.794161
            },
            {
              "name": "JSHeapUsedSize",
              "value": 79862792
            }
          ]
        },
        {
          "requestedAt": 1789701277615,
          "receivedAt": 1789701277616,
          "metrics": [
            {
              "name": "Timestamp",
              "value": 10608.323485
            },
            {
              "name": "LayoutDuration",
              "value": 0.000048
            },
            {
              "name": "RecalcStyleDuration",
              "value": 0.000102
            },
            {
              "name": "ScriptDuration",
              "value": 0.217037
            },
            {
              "name": "TaskDuration",
              "value": 126.997383
            },
            {
              "name": "JSHeapUsedSize",
              "value": 78933000
            }
          ]
        },
        {
          "requestedAt": 1789701278617,
          "receivedAt": 1789701278618,
          "metrics": [
            {
              "name": "Timestamp",
              "value": 10609.325486
            },
            {
              "name": "LayoutDuration",
              "value": 0.000048
            },
            {
              "name": "RecalcStyleDuration",
              "value": 0.000102
            },
            {
              "name": "ScriptDuration",
              "value": 0.217791
            },
            {
              "name": "TaskDuration",
              "value": 127.219071
            },
            {
              "name": "JSHeapUsedSize",
              "value": 52696776
            }
          ]
        },
        {
          "requestedAt": 1789701279618,
          "receivedAt": 1789701279620,
          "metrics": [
            {
              "name": "Timestamp",
              "value": 10610.327539
            },
            {
              "name": "LayoutDuration",
              "value": 0.000048
            },
            {
              "name": "RecalcStyleDuration",
              "value": 0.000102
            },
            {
              "name": "ScriptDuration",
              "value": 0.218153
            },
            {
              "name": "TaskDuration",
              "value": 127.422167
            },
            {
              "name": "JSHeapUsedSize",
              "value": 86509812
            }
          ]
        },
        {
          "requestedAt": 1789701280620,
          "receivedAt": 1789701280621,
          "metrics": [
            {
              "name": "Timestamp",
              "value": 10611.329001
            },
            {
              "name": "LayoutDuration",
              "value": 0.000048
            },
            {
              "name": "RecalcStyleDuration",
              "value": 0.000102
            },
            {
              "name": "ScriptDuration",
              "value": 0.218555
            },
            {
              "name": "TaskDuration",
              "value": 127.649978
            },
            {
              "name": "JSHeapUsedSize",
              "value": 66798240
            }
          ]
        },
        {
          "requestedAt": 1789701281622,
          "receivedAt": 1789701281623,
          "metrics": [
            {
              "name": "Timestamp",
              "value": 10612.330788
            },
            {
              "name": "LayoutDuration",
              "value": 0.000048
            },
            {
              "name": "RecalcStyleDuration",
              "value": 0.000102
            },
            {
              "name": "ScriptDuration",
              "value": 0.218886
            },
            {
              "name": "TaskDuration",
              "value": 127.85371
            },
            {
              "name": "JSHeapUsedSize",
              "value": 65914840
            }
          ]
        },
        {
          "requestedAt": 1789701282624,
          "receivedAt": 1789701282625,
          "metrics": [
            {
              "name": "Timestamp",
              "value": 10613.333006
            },
            {
              "name": "LayoutDuration",
              "value": 0.000048
            },
            {
              "name": "RecalcStyleDuration",
              "value": 0.000102
            },
            {
              "name": "ScriptDuration",
              "value": 0.219191
            },
            {
              "name": "TaskDuration",
              "value": 128.059379
            },
            {
              "name": "JSHeapUsedSize",
              "value": 99667836
            }
          ]
        },
        {
          "requestedAt": 1789701283626,
          "receivedAt": 1789701283627,
          "metrics": [
            {
              "name": "Timestamp",
              "value": 10614.335233
            },
            {
              "name": "LayoutDuration",
              "value": 0.000048
            },
            {
              "name": "RecalcStyleDuration",
              "value": 0.000102
            },
            {
              "name": "ScriptDuration",
              "value": 0.219955
            },
            {
              "name": "TaskDuration",
              "value": 128.283723
            },
            {
              "name": "JSHeapUsedSize",
              "value": 73577176
            }
          ]
        },
        {
          "requestedAt": 1789701284627,
          "receivedAt": 1789701284628,
          "metrics": [
            {
              "name": "Timestamp",
              "value": 10615.336731
            },
            {
              "name": "LayoutDuration",
              "value": 0.000048
            },
            {
              "name": "RecalcStyleDuration",
              "value": 0.000102
            },
            {
              "name": "ScriptDuration",
              "value": 0.220267
            },
            {
              "name": "TaskDuration",
              "value": 128.489456
            },
            {
              "name": "JSHeapUsedSize",
              "value": 72520304
            }
          ]
        },
        {
          "requestedAt": 1789701285630,
          "receivedAt": 1789701285631,
          "metrics": [
            {
              "name": "Timestamp",
              "value": 10616.338995
            },
            {
              "name": "LayoutDuration",
              "value": 0.000048
            },
            {
              "name": "RecalcStyleDuration",
              "value": 0.000102
            },
            {
              "name": "ScriptDuration",
              "value": 0.22061
            },
            {
              "name": "TaskDuration",
              "value": 128.711687
            },
            {
              "name": "JSHeapUsedSize",
              "value": 46091148
            }
          ]
        },
        {
          "requestedAt": 1789701286632,
          "receivedAt": 1789701286633,
          "metrics": [
            {
              "name": "Timestamp",
              "value": 10617.34103
            },
            {
              "name": "LayoutDuration",
              "value": 0.000048
            },
            {
              "name": "RecalcStyleDuration",
              "value": 0.000102
            },
            {
              "name": "ScriptDuration",
              "value": 0.220964
            },
            {
              "name": "TaskDuration",
              "value": 128.91501
            },
            {
              "name": "JSHeapUsedSize",
              "value": 80330016
            }
          ]
        },
        {
          "requestedAt": 1789701287634,
          "receivedAt": 1789701287635,
          "metrics": [
            {
              "name": "Timestamp",
              "value": 10618.343565
            },
            {
              "name": "LayoutDuration",
              "value": 0.000048
            },
            {
              "name": "RecalcStyleDuration",
              "value": 0.000102
            },
            {
              "name": "ScriptDuration",
              "value": 0.221292
            },
            {
              "name": "TaskDuration",
              "value": 129.119471
            },
            {
              "name": "JSHeapUsedSize",
              "value": 79165676
            }
          ]
        },
        {
          "requestedAt": 1789701288636,
          "receivedAt": 1789701288637,
          "metrics": [
            {
              "name": "Timestamp",
              "value": 10619.345462
            },
            {
              "name": "LayoutDuration",
              "value": 0.000048
            },
            {
              "name": "RecalcStyleDuration",
              "value": 0.000102
            },
            {
              "name": "ScriptDuration",
              "value": 0.222056
            },
            {
              "name": "TaskDuration",
              "value": 129.342636
            },
            {
              "name": "JSHeapUsedSize",
              "value": 52949988
            }
          ]
        },
        {
          "requestedAt": 1789701289637,
          "receivedAt": 1789701289638,
          "metrics": [
            {
              "name": "Timestamp",
              "value": 10620.346879
            },
            {
              "name": "LayoutDuration",
              "value": 0.000048
            },
            {
              "name": "RecalcStyleDuration",
              "value": 0.000102
            },
            {
              "name": "ScriptDuration",
              "value": 0.222389
            },
            {
              "name": "TaskDuration",
              "value": 129.545973
            },
            {
              "name": "JSHeapUsedSize",
              "value": 86842956
            }
          ]
        },
        {
          "requestedAt": 1789701290640,
          "receivedAt": 1789701290640,
          "metrics": [
            {
              "name": "Timestamp",
              "value": 10621.349244
            },
            {
              "name": "LayoutDuration",
              "value": 0.000048
            },
            {
              "name": "RecalcStyleDuration",
              "value": 0.000102
            },
            {
              "name": "ScriptDuration",
              "value": 0.222747
            },
            {
              "name": "TaskDuration",
              "value": 129.780048
            },
            {
              "name": "JSHeapUsedSize",
              "value": 73872412
            }
          ]
        },
        {
          "requestedAt": 1789701291642,
          "receivedAt": 1789701291646,
          "metrics": [
            {
              "name": "Timestamp",
              "value": 10622.355033
            },
            {
              "name": "LayoutDuration",
              "value": 0.000048
            },
            {
              "name": "RecalcStyleDuration",
              "value": 0.000102
            },
            {
              "name": "ScriptDuration",
              "value": 0.223065
            },
            {
              "name": "TaskDuration",
              "value": 129.988815
            },
            {
              "name": "JSHeapUsedSize",
              "value": 74515952
            }
          ]
        },
        {
          "requestedAt": 1789701292642,
          "receivedAt": 1789701292647,
          "metrics": [
            {
              "name": "Timestamp",
              "value": 10623.355654
            },
            {
              "name": "LayoutDuration",
              "value": 0.000048
            },
            {
              "name": "RecalcStyleDuration",
              "value": 0.000102
            },
            {
              "name": "ScriptDuration",
              "value": 0.223383
            },
            {
              "name": "TaskDuration",
              "value": 130.210877
            },
            {
              "name": "JSHeapUsedSize",
              "value": 48106144
            }
          ]
        },
        {
          "requestedAt": 1789701293643,
          "receivedAt": 1789701293648,
          "metrics": [
            {
              "name": "Timestamp",
              "value": 10624.356586
            },
            {
              "name": "LayoutDuration",
              "value": 0.000048
            },
            {
              "name": "RecalcStyleDuration",
              "value": 0.000102
            },
            {
              "name": "ScriptDuration",
              "value": 0.224058
            },
            {
              "name": "TaskDuration",
              "value": 130.416275
            },
            {
              "name": "JSHeapUsedSize",
              "value": 82085312
            }
          ]
        },
        {
          "requestedAt": 1789701294644,
          "receivedAt": 1789701294649,
          "metrics": [
            {
              "name": "Timestamp",
              "value": 10625.357681
            },
            {
              "name": "LayoutDuration",
              "value": 0.000048
            },
            {
              "name": "RecalcStyleDuration",
              "value": 0.000102
            },
            {
              "name": "ScriptDuration",
              "value": 0.224366
            },
            {
              "name": "TaskDuration",
              "value": 130.620284
            },
            {
              "name": "JSHeapUsedSize",
              "value": 81258340
            }
          ]
        },
        {
          "requestedAt": 1789701295646,
          "receivedAt": 1789701295649,
          "metrics": [
            {
              "name": "Timestamp",
              "value": 10626.357622
            },
            {
              "name": "LayoutDuration",
              "value": 0.000048
            },
            {
              "name": "RecalcStyleDuration",
              "value": 0.000102
            },
            {
              "name": "ScriptDuration",
              "value": 0.224729
            },
            {
              "name": "TaskDuration",
              "value": 130.846195
            },
            {
              "name": "JSHeapUsedSize",
              "value": 54929340
            }
          ]
        },
        {
          "requestedAt": 1789701296648,
          "receivedAt": 1789701296649,
          "metrics": [
            {
              "name": "Timestamp",
              "value": 10627.358363
            },
            {
              "name": "LayoutDuration",
              "value": 0.000048
            },
            {
              "name": "RecalcStyleDuration",
              "value": 0.000102
            },
            {
              "name": "ScriptDuration",
              "value": 0.225025
            },
            {
              "name": "TaskDuration",
              "value": 131.051093
            },
            {
              "name": "JSHeapUsedSize",
              "value": 89580908
            }
          ]
        },
        {
          "requestedAt": 1789701297650,
          "receivedAt": 1789701297651,
          "metrics": [
            {
              "name": "Timestamp",
              "value": 10628.359863
            },
            {
              "name": "LayoutDuration",
              "value": 0.000048
            },
            {
              "name": "RecalcStyleDuration",
              "value": 0.000102
            },
            {
              "name": "ScriptDuration",
              "value": 0.22531
            },
            {
              "name": "TaskDuration",
              "value": 131.256521
            },
            {
              "name": "JSHeapUsedSize",
              "value": 89222484
            }
          ]
        },
        {
          "requestedAt": 1789701298652,
          "receivedAt": 1789701298656,
          "metrics": [
            {
              "name": "Timestamp",
              "value": 10629.364671
            },
            {
              "name": "LayoutDuration",
              "value": 0.000048
            },
            {
              "name": "RecalcStyleDuration",
              "value": 0.000102
            },
            {
              "name": "ScriptDuration",
              "value": 0.226061
            },
            {
              "name": "TaskDuration",
              "value": 131.511017
            },
            {
              "name": "JSHeapUsedSize",
              "value": 64635768
            }
          ]
        },
        {
          "requestedAt": 1789701299653,
          "receivedAt": 1789701299655,
          "metrics": [
            {
              "name": "Timestamp",
              "value": 10630.364412
            },
            {
              "name": "LayoutDuration",
              "value": 0.000048
            },
            {
              "name": "RecalcStyleDuration",
              "value": 0.000102
            },
            {
              "name": "ScriptDuration",
              "value": 0.226345
            },
            {
              "name": "TaskDuration",
              "value": 131.713929
            },
            {
              "name": "JSHeapUsedSize",
              "value": 98689328
            }
          ]
        },
        {
          "requestedAt": 1789701300655,
          "receivedAt": 1789701300659,
          "metrics": [
            {
              "name": "Timestamp",
              "value": 10631.367881
            },
            {
              "name": "LayoutDuration",
              "value": 0.000048
            },
            {
              "name": "RecalcStyleDuration",
              "value": 0.000102
            },
            {
              "name": "ScriptDuration",
              "value": 0.226717
            },
            {
              "name": "TaskDuration",
              "value": 131.942692
            },
            {
              "name": "JSHeapUsedSize",
              "value": 73877248
            }
          ]
        },
        {
          "requestedAt": 1789701301655,
          "receivedAt": 1789701301659,
          "metrics": [
            {
              "name": "Timestamp",
              "value": 10632.368696
            },
            {
              "name": "LayoutDuration",
              "value": 0.000048
            },
            {
              "name": "RecalcStyleDuration",
              "value": 0.000102
            },
            {
              "name": "ScriptDuration",
              "value": 0.227045
            },
            {
              "name": "TaskDuration",
              "value": 132.147316
            },
            {
              "name": "JSHeapUsedSize",
              "value": 73067348
            }
          ]
        },
        {
          "requestedAt": 1789701302657,
          "receivedAt": 1789701302659,
          "metrics": [
            {
              "name": "Timestamp",
              "value": 10633.367954
            },
            {
              "name": "LayoutDuration",
              "value": 0.000048
            },
            {
              "name": "RecalcStyleDuration",
              "value": 0.000102
            },
            {
              "name": "ScriptDuration",
              "value": 0.227337
            },
            {
              "name": "TaskDuration",
              "value": 132.348645
            },
            {
              "name": "JSHeapUsedSize",
              "value": 106871716
            }
          ]
        },
        {
          "requestedAt": 1789701303658,
          "receivedAt": 1789701303662,
          "metrics": [
            {
              "name": "Timestamp",
              "value": 10634.371765
            },
            {
              "name": "LayoutDuration",
              "value": 0.000048
            },
            {
              "name": "RecalcStyleDuration",
              "value": 0.000102
            },
            {
              "name": "ScriptDuration",
              "value": 0.228078
            },
            {
              "name": "TaskDuration",
              "value": 132.578592
            },
            {
              "name": "JSHeapUsedSize",
              "value": 82362952
            }
          ]
        },
        {
          "requestedAt": 1789701304661,
          "receivedAt": 1789701304663,
          "metrics": [
            {
              "name": "Timestamp",
              "value": 10635.372367
            },
            {
              "name": "LayoutDuration",
              "value": 0.000048
            },
            {
              "name": "RecalcStyleDuration",
              "value": 0.000102
            },
            {
              "name": "ScriptDuration",
              "value": 0.228377
            },
            {
              "name": "TaskDuration",
              "value": 132.783945
            },
            {
              "name": "JSHeapUsedSize",
              "value": 83856736
            }
          ]
        },
        {
          "requestedAt": 1789701305664,
          "receivedAt": 1789701305665,
          "metrics": [
            {
              "name": "Timestamp",
              "value": 10636.374448
            },
            {
              "name": "LayoutDuration",
              "value": 0.000048
            },
            {
              "name": "RecalcStyleDuration",
              "value": 0.000102
            },
            {
              "name": "ScriptDuration",
              "value": 0.228682
            },
            {
              "name": "TaskDuration",
              "value": 133.009069
            },
            {
              "name": "JSHeapUsedSize",
              "value": 58406628
            }
          ]
        },
        {
          "requestedAt": 1789701306666,
          "receivedAt": 1789701306667,
          "metrics": [
            {
              "name": "Timestamp",
              "value": 10637.376518
            },
            {
              "name": "LayoutDuration",
              "value": 0.000048
            },
            {
              "name": "RecalcStyleDuration",
              "value": 0.000102
            },
            {
              "name": "ScriptDuration",
              "value": 0.228991
            },
            {
              "name": "TaskDuration",
              "value": 133.215122
            },
            {
              "name": "JSHeapUsedSize",
              "value": 93177016
            }
          ]
        },
        {
          "requestedAt": 1789701307667,
          "receivedAt": 1789701307668,
          "metrics": [
            {
              "name": "Timestamp",
              "value": 10638.37761
            },
            {
              "name": "LayoutDuration",
              "value": 0.000048
            },
            {
              "name": "RecalcStyleDuration",
              "value": 0.000102
            },
            {
              "name": "ScriptDuration",
              "value": 0.229278
            },
            {
              "name": "TaskDuration",
              "value": 133.42032
            },
            {
              "name": "JSHeapUsedSize",
              "value": 92453592
            }
          ]
        },
        {
          "requestedAt": 1789701308669,
          "receivedAt": 1789701308674,
          "metrics": [
            {
              "name": "Timestamp",
              "value": 10639.383331
            },
            {
              "name": "LayoutDuration",
              "value": 0.000048
            },
            {
              "name": "RecalcStyleDuration",
              "value": 0.000102
            },
            {
              "name": "ScriptDuration",
              "value": 0.230011
            },
            {
              "name": "TaskDuration",
              "value": 133.651512
            },
            {
              "name": "JSHeapUsedSize",
              "value": 70065104
            }
          ]
        },
        {
          "requestedAt": 1789701309671,
          "receivedAt": 1789701309674,
          "metrics": [
            {
              "name": "Timestamp",
              "value": 10640.384092
            },
            {
              "name": "LayoutDuration",
              "value": 0.000048
            },
            {
              "name": "RecalcStyleDuration",
              "value": 0.000102
            },
            {
              "name": "ScriptDuration",
              "value": 0.230352
            },
            {
              "name": "TaskDuration",
              "value": 133.855089
            },
            {
              "name": "JSHeapUsedSize",
              "value": 104186148
            }
          ]
        },
        {
          "requestedAt": 1789701310673,
          "receivedAt": 1789701310676,
          "metrics": [
            {
              "name": "Timestamp",
              "value": 10641.385727
            },
            {
              "name": "LayoutDuration",
              "value": 0.000048
            },
            {
              "name": "RecalcStyleDuration",
              "value": 0.000102
            },
            {
              "name": "ScriptDuration",
              "value": 0.23062
            },
            {
              "name": "TaskDuration",
              "value": 134.058754
            },
            {
              "name": "JSHeapUsedSize",
              "value": 103465492
            }
          ]
        },
        {
          "requestedAt": 1789701311676,
          "receivedAt": 1789701311680,
          "metrics": [
            {
              "name": "Timestamp",
              "value": 10642.39032
            },
            {
              "name": "LayoutDuration",
              "value": 0.000048
            },
            {
              "name": "RecalcStyleDuration",
              "value": 0.000102
            },
            {
              "name": "ScriptDuration",
              "value": 0.230966
            },
            {
              "name": "TaskDuration",
              "value": 134.313027
            },
            {
              "name": "JSHeapUsedSize",
              "value": 79664624
            }
          ]
        },
        {
          "requestedAt": 1789701312677,
          "receivedAt": 1789701312681,
          "metrics": [
            {
              "name": "Timestamp",
              "value": 10643.391003
            },
            {
              "name": "LayoutDuration",
              "value": 0.000048
            },
            {
              "name": "RecalcStyleDuration",
              "value": 0.000102
            },
            {
              "name": "ScriptDuration",
              "value": 0.231278
            },
            {
              "name": "TaskDuration",
              "value": 134.515747
            },
            {
              "name": "JSHeapUsedSize",
              "value": 113706404
            }
          ]
        },
        {
          "requestedAt": 1789701313679,
          "receivedAt": 1789701313683,
          "metrics": [
            {
              "name": "Timestamp",
              "value": 10644.3931
            },
            {
              "name": "LayoutDuration",
              "value": 0.000048
            },
            {
              "name": "RecalcStyleDuration",
              "value": 0.000102
            },
            {
              "name": "ScriptDuration",
              "value": 0.231975
            },
            {
              "name": "TaskDuration",
              "value": 134.738949
            },
            {
              "name": "JSHeapUsedSize",
              "value": 66796760
            }
          ]
        },
        {
          "requestedAt": 1789701314680,
          "receivedAt": 1789701314681,
          "metrics": [
            {
              "name": "Timestamp",
              "value": 10645.391284
            },
            {
              "name": "LayoutDuration",
              "value": 0.000048
            },
            {
              "name": "RecalcStyleDuration",
              "value": 0.000102
            },
            {
              "name": "ScriptDuration",
              "value": 0.232322
            },
            {
              "name": "TaskDuration",
              "value": 134.942862
            },
            {
              "name": "JSHeapUsedSize",
              "value": 101155868
            }
          ]
        },
        {
          "requestedAt": 1789701315681,
          "receivedAt": 1789701315682,
          "metrics": [
            {
              "name": "Timestamp",
              "value": 10646.392492
            },
            {
              "name": "LayoutDuration",
              "value": 0.000048
            },
            {
              "name": "RecalcStyleDuration",
              "value": 0.000102
            },
            {
              "name": "ScriptDuration",
              "value": 0.232622
            },
            {
              "name": "TaskDuration",
              "value": 135.146901
            },
            {
              "name": "JSHeapUsedSize",
              "value": 100756732
            }
          ]
        },
        {
          "requestedAt": 1789701316682,
          "receivedAt": 1789701316683,
          "metrics": [
            {
              "name": "Timestamp",
              "value": 10647.393331
            },
            {
              "name": "LayoutDuration",
              "value": 0.000048
            },
            {
              "name": "RecalcStyleDuration",
              "value": 0.000102
            },
            {
              "name": "ScriptDuration",
              "value": 0.232981
            },
            {
              "name": "TaskDuration",
              "value": 135.370764
            },
            {
              "name": "JSHeapUsedSize",
              "value": 53670916
            }
          ]
        },
        {
          "requestedAt": 1789701317682,
          "receivedAt": 1789701317683,
          "metrics": [
            {
              "name": "Timestamp",
              "value": 10648.393808
            },
            {
              "name": "LayoutDuration",
              "value": 0.000048
            },
            {
              "name": "RecalcStyleDuration",
              "value": 0.000102
            },
            {
              "name": "ScriptDuration",
              "value": 0.233292
            },
            {
              "name": "TaskDuration",
              "value": 135.574955
            },
            {
              "name": "JSHeapUsedSize",
              "value": 87681376
            }
          ]
        },
        {
          "requestedAt": 1789701318684,
          "receivedAt": 1789701318685,
          "metrics": [
            {
              "name": "Timestamp",
              "value": 10649.395465
            },
            {
              "name": "LayoutDuration",
              "value": 0.000048
            },
            {
              "name": "RecalcStyleDuration",
              "value": 0.000102
            },
            {
              "name": "ScriptDuration",
              "value": 0.235238
            },
            {
              "name": "TaskDuration",
              "value": 135.781958
            },
            {
              "name": "JSHeapUsedSize",
              "value": 86517720
            }
          ]
        },
        {
          "requestedAt": 1789701319685,
          "receivedAt": 1789701319686,
          "metrics": [
            {
              "name": "Timestamp",
              "value": 10650.396391
            },
            {
              "name": "LayoutDuration",
              "value": 0.000048
            },
            {
              "name": "RecalcStyleDuration",
              "value": 0.000102
            },
            {
              "name": "ScriptDuration",
              "value": 0.23562
            },
            {
              "name": "TaskDuration",
              "value": 136.017917
            },
            {
              "name": "JSHeapUsedSize",
              "value": 74361812
            }
          ]
        },
        {
          "requestedAt": 1789701320686,
          "receivedAt": 1789701320687,
          "metrics": [
            {
              "name": "Timestamp",
              "value": 10651.397409
            },
            {
              "name": "LayoutDuration",
              "value": 0.000048
            },
            {
              "name": "RecalcStyleDuration",
              "value": 0.000102
            },
            {
              "name": "ScriptDuration",
              "value": 0.235963
            },
            {
              "name": "TaskDuration",
              "value": 136.227501
            },
            {
              "name": "JSHeapUsedSize",
              "value": 73469232
            }
          ]
        },
        {
          "requestedAt": 1789701321687,
          "receivedAt": 1789701321688,
          "metrics": [
            {
              "name": "Timestamp",
              "value": 10652.398226
            },
            {
              "name": "LayoutDuration",
              "value": 0.000048
            },
            {
              "name": "RecalcStyleDuration",
              "value": 0.000102
            },
            {
              "name": "ScriptDuration",
              "value": 0.236271
            },
            {
              "name": "TaskDuration",
              "value": 136.443393
            },
            {
              "name": "JSHeapUsedSize",
              "value": 107187276
            }
          ]
        },
        {
          "requestedAt": 1789701322687,
          "receivedAt": 1789701322689,
          "metrics": [
            {
              "name": "Timestamp",
              "value": 10653.398826
            },
            {
              "name": "LayoutDuration",
              "value": 0.000048
            },
            {
              "name": "RecalcStyleDuration",
              "value": 0.000102
            },
            {
              "name": "ScriptDuration",
              "value": 0.236623
            },
            {
              "name": "TaskDuration",
              "value": 136.680604
            },
            {
              "name": "JSHeapUsedSize",
              "value": 60362248
            }
          ]
        },
        {
          "requestedAt": 1789701323687,
          "receivedAt": 1789701323688,
          "metrics": [
            {
              "name": "Timestamp",
              "value": 10654.398618
            },
            {
              "name": "LayoutDuration",
              "value": 0.000048
            },
            {
              "name": "RecalcStyleDuration",
              "value": 0.000102
            },
            {
              "name": "ScriptDuration",
              "value": 0.237412
            },
            {
              "name": "TaskDuration",
              "value": 136.892181
            },
            {
              "name": "JSHeapUsedSize",
              "value": 94240132
            }
          ]
        },
        {
          "requestedAt": 1789701324694,
          "receivedAt": 1789701324702,
          "metrics": [
            {
              "name": "Timestamp",
              "value": 10655.409012
            },
            {
              "name": "LayoutDuration",
              "value": 0.000048
            },
            {
              "name": "RecalcStyleDuration",
              "value": 0.000102
            },
            {
              "name": "ScriptDuration",
              "value": 0.237741
            },
            {
              "name": "TaskDuration",
              "value": 137.114476
            },
            {
              "name": "JSHeapUsedSize",
              "value": 46946176
            }
          ]
        },
        {
          "requestedAt": 1789701325695,
          "receivedAt": 1789701325696,
          "metrics": [
            {
              "name": "Timestamp",
              "value": 10656.407157
            },
            {
              "name": "LayoutDuration",
              "value": 0.000048
            },
            {
              "name": "RecalcStyleDuration",
              "value": 0.000102
            },
            {
              "name": "ScriptDuration",
              "value": 0.238212
            },
            {
              "name": "TaskDuration",
              "value": 137.340599
            },
            {
              "name": "JSHeapUsedSize",
              "value": 80944064
            }
          ]
        },
        {
          "requestedAt": 1789701326696,
          "receivedAt": 1789701326697,
          "metrics": [
            {
              "name": "Timestamp",
              "value": 10657.407871
            },
            {
              "name": "LayoutDuration",
              "value": 0.000048
            },
            {
              "name": "RecalcStyleDuration",
              "value": 0.000102
            },
            {
              "name": "ScriptDuration",
              "value": 0.23877
            },
            {
              "name": "TaskDuration",
              "value": 137.581357
            },
            {
              "name": "JSHeapUsedSize",
              "value": 80019176
            }
          ]
        },
        {
          "requestedAt": 1789701327697,
          "receivedAt": 1789701327698,
          "metrics": [
            {
              "name": "Timestamp",
              "value": 10658.408982
            },
            {
              "name": "LayoutDuration",
              "value": 0.000048
            },
            {
              "name": "RecalcStyleDuration",
              "value": 0.000102
            },
            {
              "name": "ScriptDuration",
              "value": 0.239095
            },
            {
              "name": "TaskDuration",
              "value": 137.827773
            },
            {
              "name": "JSHeapUsedSize",
              "value": 67952716
            }
          ]
        },
        {
          "requestedAt": 1789701328699,
          "receivedAt": 1789701328699,
          "metrics": [
            {
              "name": "Timestamp",
              "value": 10659.410448
            },
            {
              "name": "LayoutDuration",
              "value": 0.000048
            },
            {
              "name": "RecalcStyleDuration",
              "value": 0.000102
            },
            {
              "name": "ScriptDuration",
              "value": 0.240228
            },
            {
              "name": "TaskDuration",
              "value": 138.048406
            },
            {
              "name": "JSHeapUsedSize",
              "value": 67101924
            }
          ]
        },
        {
          "requestedAt": 1789701329699,
          "receivedAt": 1789701329700,
          "metrics": [
            {
              "name": "Timestamp",
              "value": 10660.411494
            },
            {
              "name": "LayoutDuration",
              "value": 0.000048
            },
            {
              "name": "RecalcStyleDuration",
              "value": 0.000102
            },
            {
              "name": "ScriptDuration",
              "value": 0.240519
            },
            {
              "name": "TaskDuration",
              "value": 138.254191
            },
            {
              "name": "JSHeapUsedSize",
              "value": 101076016
            }
          ]
        },
        {
          "requestedAt": 1789701330700,
          "receivedAt": 1789701330701,
          "metrics": [
            {
              "name": "Timestamp",
              "value": 10661.411991
            },
            {
              "name": "LayoutDuration",
              "value": 0.000048
            },
            {
              "name": "RecalcStyleDuration",
              "value": 0.000102
            },
            {
              "name": "ScriptDuration",
              "value": 0.24083
            },
            {
              "name": "TaskDuration",
              "value": 138.481948
            },
            {
              "name": "JSHeapUsedSize",
              "value": 53987104
            }
          ]
        },
        {
          "requestedAt": 1789701331701,
          "receivedAt": 1789701331702,
          "metrics": [
            {
              "name": "Timestamp",
              "value": 10662.413437
            },
            {
              "name": "LayoutDuration",
              "value": 0.000048
            },
            {
              "name": "RecalcStyleDuration",
              "value": 0.000102
            },
            {
              "name": "ScriptDuration",
              "value": 0.241152
            },
            {
              "name": "TaskDuration",
              "value": 138.692446
            },
            {
              "name": "JSHeapUsedSize",
              "value": 87745984
            }
          ]
        },
        {
          "requestedAt": 1789701332702,
          "receivedAt": 1789701332703,
          "metrics": [
            {
              "name": "Timestamp",
              "value": 10663.414331
            },
            {
              "name": "LayoutDuration",
              "value": 0.000048
            },
            {
              "name": "RecalcStyleDuration",
              "value": 0.000102
            },
            {
              "name": "ScriptDuration",
              "value": 0.241439
            },
            {
              "name": "TaskDuration",
              "value": 138.899078
            },
            {
              "name": "JSHeapUsedSize",
              "value": 86820400
            }
          ]
        },
        {
          "requestedAt": 1789701333703,
          "receivedAt": 1789701333704,
          "metrics": [
            {
              "name": "Timestamp",
              "value": 10664.414917
            },
            {
              "name": "LayoutDuration",
              "value": 0.000048
            },
            {
              "name": "RecalcStyleDuration",
              "value": 0.000102
            },
            {
              "name": "ScriptDuration",
              "value": 0.242161
            },
            {
              "name": "TaskDuration",
              "value": 139.123215
            },
            {
              "name": "JSHeapUsedSize",
              "value": 74666980
            }
          ]
        },
        {
          "requestedAt": 1789701334703,
          "receivedAt": 1789701334704,
          "metrics": [
            {
              "name": "Timestamp",
              "value": 10665.41571
            },
            {
              "name": "LayoutDuration",
              "value": 0.000048
            },
            {
              "name": "RecalcStyleDuration",
              "value": 0.000102
            },
            {
              "name": "ScriptDuration",
              "value": 0.242476
            },
            {
              "name": "TaskDuration",
              "value": 139.331402
            },
            {
              "name": "JSHeapUsedSize",
              "value": 73734084
            }
          ]
        },
        {
          "requestedAt": 1789701335705,
          "receivedAt": 1789701335706,
          "metrics": [
            {
              "name": "Timestamp",
              "value": 10666.417019
            },
            {
              "name": "LayoutDuration",
              "value": 0.000048
            },
            {
              "name": "RecalcStyleDuration",
              "value": 0.000102
            },
            {
              "name": "ScriptDuration",
              "value": 0.242806
            },
            {
              "name": "TaskDuration",
              "value": 139.533163
            },
            {
              "name": "JSHeapUsedSize",
              "value": 107633192
            }
          ]
        },
        {
          "requestedAt": 1789701336706,
          "receivedAt": 1789701336707,
          "metrics": [
            {
              "name": "Timestamp",
              "value": 10667.418348
            },
            {
              "name": "LayoutDuration",
              "value": 0.000048
            },
            {
              "name": "RecalcStyleDuration",
              "value": 0.000102
            },
            {
              "name": "ScriptDuration",
              "value": 0.243172
            },
            {
              "name": "TaskDuration",
              "value": 139.762097
            },
            {
              "name": "JSHeapUsedSize",
              "value": 60688776
            }
          ]
        },
        {
          "requestedAt": 1789701337707,
          "receivedAt": 1789701337710,
          "metrics": [
            {
              "name": "Timestamp",
              "value": 10668.421509
            },
            {
              "name": "LayoutDuration",
              "value": 0.000048
            },
            {
              "name": "RecalcStyleDuration",
              "value": 0.000102
            },
            {
              "name": "ScriptDuration",
              "value": 0.243499
            },
            {
              "name": "TaskDuration",
              "value": 139.968569
            },
            {
              "name": "JSHeapUsedSize",
              "value": 94439208
            }
          ]
        },
        {
          "requestedAt": 1789701338708,
          "receivedAt": 1789701338709,
          "metrics": [
            {
              "name": "Timestamp",
              "value": 10669.42034
            },
            {
              "name": "LayoutDuration",
              "value": 0.000048
            },
            {
              "name": "RecalcStyleDuration",
              "value": 0.000102
            },
            {
              "name": "ScriptDuration",
              "value": 0.244289
            },
            {
              "name": "TaskDuration",
              "value": 140.19163
            },
            {
              "name": "JSHeapUsedSize",
              "value": 47367924
            }
          ]
        },
        {
          "requestedAt": 1789701339708,
          "receivedAt": 1789701339709,
          "metrics": [
            {
              "name": "Timestamp",
              "value": 10670.421071
            },
            {
              "name": "LayoutDuration",
              "value": 0.000048
            },
            {
              "name": "RecalcStyleDuration",
              "value": 0.000102
            },
            {
              "name": "ScriptDuration",
              "value": 0.244642
            },
            {
              "name": "TaskDuration",
              "value": 140.395403
            },
            {
              "name": "JSHeapUsedSize",
              "value": 81355456
            }
          ]
        },
        {
          "requestedAt": 1789701340710,
          "receivedAt": 1789701340711,
          "metrics": [
            {
              "name": "Timestamp",
              "value": 10671.422552
            },
            {
              "name": "LayoutDuration",
              "value": 0.000048
            },
            {
              "name": "RecalcStyleDuration",
              "value": 0.000102
            },
            {
              "name": "ScriptDuration",
              "value": 0.24495
            },
            {
              "name": "TaskDuration",
              "value": 140.599827
            },
            {
              "name": "JSHeapUsedSize",
              "value": 80497264
            }
          ]
        },
        {
          "requestedAt": 1789701341710,
          "receivedAt": 1789701341711,
          "metrics": [
            {
              "name": "Timestamp",
              "value": 10672.42308
            },
            {
              "name": "LayoutDuration",
              "value": 0.000048
            },
            {
              "name": "RecalcStyleDuration",
              "value": 0.000102
            },
            {
              "name": "ScriptDuration",
              "value": 0.245279
            },
            {
              "name": "TaskDuration",
              "value": 140.824518
            },
            {
              "name": "JSHeapUsedSize",
              "value": 68252096
            }
          ]
        },
        {
          "requestedAt": 1789701342711,
          "receivedAt": 1789701342712,
          "metrics": [
            {
              "name": "Timestamp",
              "value": 10673.423698
            },
            {
              "name": "LayoutDuration",
              "value": 0.000048
            },
            {
              "name": "RecalcStyleDuration",
              "value": 0.000102
            },
            {
              "name": "ScriptDuration",
              "value": 0.245672
            },
            {
              "name": "TaskDuration",
              "value": 141.037485
            },
            {
              "name": "JSHeapUsedSize",
              "value": 67352368
            }
          ]
        },
        {
          "requestedAt": 1789701343712,
          "receivedAt": 1789701343713,
          "metrics": [
            {
              "name": "Timestamp",
              "value": 10674.425294
            },
            {
              "name": "LayoutDuration",
              "value": 0.000048
            },
            {
              "name": "RecalcStyleDuration",
              "value": 0.000102
            },
            {
              "name": "ScriptDuration",
              "value": 0.246546
            },
            {
              "name": "TaskDuration",
              "value": 141.241823
            },
            {
              "name": "JSHeapUsedSize",
              "value": 101255124
            }
          ]
        },
        {
          "requestedAt": 1789701344712,
          "receivedAt": 1789701344713,
          "metrics": [
            {
              "name": "Timestamp",
              "value": 10675.425224
            },
            {
              "name": "LayoutDuration",
              "value": 0.000048
            },
            {
              "name": "RecalcStyleDuration",
              "value": 0.000102
            },
            {
              "name": "ScriptDuration",
              "value": 0.246962
            },
            {
              "name": "TaskDuration",
              "value": 141.47227
            },
            {
              "name": "JSHeapUsedSize",
              "value": 54356564
            }
          ]
        },
        {
          "requestedAt": 1789701345713,
          "receivedAt": 1789701345714,
          "metrics": [
            {
              "name": "Timestamp",
              "value": 10676.425986
            },
            {
              "name": "LayoutDuration",
              "value": 0.000048
            },
            {
              "name": "RecalcStyleDuration",
              "value": 0.000102
            },
            {
              "name": "ScriptDuration",
              "value": 0.247278
            },
            {
              "name": "TaskDuration",
              "value": 141.676645
            },
            {
              "name": "JSHeapUsedSize",
              "value": 88342796
            }
          ]
        },
        {
          "requestedAt": 1789701346715,
          "receivedAt": 1789701346716,
          "metrics": [
            {
              "name": "Timestamp",
              "value": 10677.427631
            },
            {
              "name": "LayoutDuration",
              "value": 0.000048
            },
            {
              "name": "RecalcStyleDuration",
              "value": 0.000102
            },
            {
              "name": "ScriptDuration",
              "value": 0.24758
            },
            {
              "name": "TaskDuration",
              "value": 141.880021
            },
            {
              "name": "JSHeapUsedSize",
              "value": 87156776
            }
          ]
        },
        {
          "requestedAt": 1789701347716,
          "receivedAt": 1789701347717,
          "metrics": [
            {
              "name": "Timestamp",
              "value": 10678.429223
            },
            {
              "name": "LayoutDuration",
              "value": 0.000048
            },
            {
              "name": "RecalcStyleDuration",
              "value": 0.000102
            },
            {
              "name": "ScriptDuration",
              "value": 0.24796
            },
            {
              "name": "TaskDuration",
              "value": 142.10884
            },
            {
              "name": "JSHeapUsedSize",
              "value": 74961248
            }
          ]
        },
        {
          "requestedAt": 1789701348717,
          "receivedAt": 1789701348718,
          "metrics": [
            {
              "name": "Timestamp",
              "value": 10679.429955
            },
            {
              "name": "LayoutDuration",
              "value": 0.000048
            },
            {
              "name": "RecalcStyleDuration",
              "value": 0.000102
            },
            {
              "name": "ScriptDuration",
              "value": 0.248628
            },
            {
              "name": "TaskDuration",
              "value": 142.314341
            },
            {
              "name": "JSHeapUsedSize",
              "value": 73967608
            }
          ]
        },
        {
          "requestedAt": 1789701349718,
          "receivedAt": 1789701349719,
          "metrics": [
            {
              "name": "Timestamp",
              "value": 10680.431404
            },
            {
              "name": "LayoutDuration",
              "value": 0.000048
            },
            {
              "name": "RecalcStyleDuration",
              "value": 0.000102
            },
            {
              "name": "ScriptDuration",
              "value": 0.248991
            },
            {
              "name": "TaskDuration",
              "value": 142.517095
            },
            {
              "name": "JSHeapUsedSize",
              "value": 107693420
            }
          ]
        },
        {
          "requestedAt": 1789701350719,
          "receivedAt": 1789701350721,
          "metrics": [
            {
              "name": "Timestamp",
              "value": 10681.432475
            },
            {
              "name": "LayoutDuration",
              "value": 0.000048
            },
            {
              "name": "RecalcStyleDuration",
              "value": 0.000102
            },
            {
              "name": "ScriptDuration",
              "value": 0.24935
            },
            {
              "name": "TaskDuration",
              "value": 142.744123
            },
            {
              "name": "JSHeapUsedSize",
              "value": 61015908
            }
          ]
        },
        {
          "requestedAt": 1789701351720,
          "receivedAt": 1789701351721,
          "metrics": [
            {
              "name": "Timestamp",
              "value": 10682.433363
            },
            {
              "name": "LayoutDuration",
              "value": 0.000048
            },
            {
              "name": "RecalcStyleDuration",
              "value": 0.000102
            },
            {
              "name": "ScriptDuration",
              "value": 0.249613
            },
            {
              "name": "TaskDuration",
              "value": 142.950765
            },
            {
              "name": "JSHeapUsedSize",
              "value": 94769212
            }
          ]
        },
        {
          "requestedAt": 1789701352720,
          "receivedAt": 1789701352732,
          "metrics": [
            {
              "name": "Timestamp",
              "value": 10683.44409
            },
            {
              "name": "LayoutDuration",
              "value": 0.000048
            },
            {
              "name": "RecalcStyleDuration",
              "value": 0.000102
            },
            {
              "name": "ScriptDuration",
              "value": 0.249915
            },
            {
              "name": "TaskDuration",
              "value": 143.209494
            },
            {
              "name": "JSHeapUsedSize",
              "value": 47705996
            }
          ]
        },
        {
          "requestedAt": 1789701353721,
          "receivedAt": 1789701353722,
          "metrics": [
            {
              "name": "Timestamp",
              "value": 10684.434905
            },
            {
              "name": "LayoutDuration",
              "value": 0.000048
            },
            {
              "name": "RecalcStyleDuration",
              "value": 0.000102
            },
            {
              "name": "ScriptDuration",
              "value": 0.25069
            },
            {
              "name": "TaskDuration",
              "value": 143.422913
            },
            {
              "name": "JSHeapUsedSize",
              "value": 81818548
            }
          ]
        },
        {
          "requestedAt": 1789701354723,
          "receivedAt": 1789701354724,
          "metrics": [
            {
              "name": "Timestamp",
              "value": 10685.436509
            },
            {
              "name": "LayoutDuration",
              "value": 0.000048
            },
            {
              "name": "RecalcStyleDuration",
              "value": 0.000102
            },
            {
              "name": "ScriptDuration",
              "value": 0.251094
            },
            {
              "name": "TaskDuration",
              "value": 143.551788
            },
            {
              "name": "JSHeapUsedSize",
              "value": 74198568
            }
          ]
        },
        {
          "requestedAt": 1789701355724,
          "receivedAt": 1789701355726,
          "metrics": [
            {
              "name": "Timestamp",
              "value": 10686.437899
            },
            {
              "name": "LayoutDuration",
              "value": 0.000048
            },
            {
              "name": "RecalcStyleDuration",
              "value": 0.000102
            },
            {
              "name": "ScriptDuration",
              "value": 0.259619
            },
            {
              "name": "TaskDuration",
              "value": 144.265074
            },
            {
              "name": "JSHeapUsedSize",
              "value": 125292812
            }
          ]
        },
        {
          "requestedAt": 1789701356724,
          "receivedAt": 1789701356727,
          "metrics": [
            {
              "name": "Timestamp",
              "value": 10687.43848
            },
            {
              "name": "LayoutDuration",
              "value": 0.000048
            },
            {
              "name": "RecalcStyleDuration",
              "value": 0.000102
            },
            {
              "name": "ScriptDuration",
              "value": 0.259718
            },
            {
              "name": "TaskDuration",
              "value": 144.265678
            },
            {
              "name": "JSHeapUsedSize",
              "value": 125293248
            }
          ]
        },
        {
          "requestedAt": 1789701357726,
          "receivedAt": 1789701357729,
          "metrics": [
            {
              "name": "Timestamp",
              "value": 10688.440241
            },
            {
              "name": "LayoutDuration",
              "value": 0.000048
            },
            {
              "name": "RecalcStyleDuration",
              "value": 0.000102
            },
            {
              "name": "ScriptDuration",
              "value": 0.259718
            },
            {
              "name": "TaskDuration",
              "value": 144.266243
            },
            {
              "name": "JSHeapUsedSize",
              "value": 125293248
            }
          ]
        },
        {
          "requestedAt": 1789701358726,
          "receivedAt": 1789701358729,
          "metrics": [
            {
              "name": "Timestamp",
              "value": 10689.440582
            },
            {
              "name": "LayoutDuration",
              "value": 0.000048
            },
            {
              "name": "RecalcStyleDuration",
              "value": 0.000102
            },
            {
              "name": "ScriptDuration",
              "value": 0.259751
            },
            {
              "name": "TaskDuration",
              "value": 144.266671
            },
            {
              "name": "JSHeapUsedSize",
              "value": 125293296
            }
          ]
        },
        {
          "requestedAt": 1789701359728,
          "receivedAt": 1789701362765,
          "metrics": [
            {
              "name": "Timestamp",
              "value": 10690.458984
            },
            {
              "name": "LayoutDuration",
              "value": 0.000048
            },
            {
              "name": "RecalcStyleDuration",
              "value": 0.000102
            },
            {
              "name": "ScriptDuration",
              "value": 0.259751
            },
            {
              "name": "TaskDuration",
              "value": 144.728968
            },
            {
              "name": "JSHeapUsedSize",
              "value": 125409888
            }
          ]
        },
        {
          "requestedAt": 1789701363834,
          "receivedAt": 1789701363835,
          "metrics": [
            {
              "name": "Timestamp",
              "value": 10694.548095
            },
            {
              "name": "LayoutDuration",
              "value": 0.000048
            },
            {
              "name": "RecalcStyleDuration",
              "value": 0.000102
            },
            {
              "name": "ScriptDuration",
              "value": 0.259777
            },
            {
              "name": "TaskDuration",
              "value": 144.729607
            },
            {
              "name": "JSHeapUsedSize",
              "value": 125409888
            }
          ]
        },
        {
          "requestedAt": 1789701372167,
          "receivedAt": 1789701372172,
          "metrics": [
            {
              "name": "Timestamp",
              "value": 10702.883936
            },
            {
              "name": "LayoutDuration",
              "value": 0.000048
            },
            {
              "name": "RecalcStyleDuration",
              "value": 0.000102
            },
            {
              "name": "ScriptDuration",
              "value": 0.259786
            },
            {
              "name": "TaskDuration",
              "value": 144.772749
            },
            {
              "name": "JSHeapUsedSize",
              "value": 33827784
            }
          ]
        }
      ]
    },
    "undoStorage": {
      "sequenceReferences": 24000,
      "sequenceVersions": 3002,
      "chunkReferences": 588196,
      "uniqueChunks": 3196,
      "uniqueSlots": 321000,
      "cacheEntries": 1
    },
    "worker": {
      "at": 1789701354482,
      "phase": "reconnected",
      "captured": 3000,
      "allocatedSequence": 3000,
      "acknowledged": 3000,
      "serverAcknowledged": 3000,
      "rejected": 895,
      "queueDepth": 1,
      "maxQueueDepth": 2,
      "oldestQueueAgeMs": 0.5,
      "active": {
        "kind": "finish",
        "stage": "start",
        "started": 1789701354517.9,
        "stageStarted": 1789701354517.9,
        "messageAgeMs": 0.5,
        "stageAgeMs": 0.5
      },
      "uploading": false,
      "outbox": {
        "bytes": 0,
        "count": 0
      },
      "oldestOutboxAgeMs": 0,
      "maxOutboxBytes": 801669,
      "maxOutboxCount": 301,
      "oldestPendingMs": 59988,
      "reconnectAt": 1789700994463,
      "reconnectBacklog": {
        "bytes": 799005,
        "count": 300,
        "workerQueueDepth": 0
      },
      "reconnectDrainMs": 963,
      "stages": {
        "worker.queueWait": {
          "count": 3004,
          "totalMs": 17.502197265625,
          "maxMs": 1.699951171875,
          "lastMs": 0
        },
        "idb.init.handoff": {
          "count": 1,
          "totalMs": 0.09999999962747097,
          "maxMs": 0.09999999962747097,
          "lastMs": 0.09999999962747097
        },
        "idb.init.waitAndFirstRequest": {
          "count": 1,
          "totalMs": 0.19999999925494194,
          "maxMs": 0.19999999925494194,
          "lastMs": 0.19999999925494194
        },
        "idb.init.total": {
          "count": 1,
          "totalMs": 2.099999999627471,
          "maxMs": 2.099999999627471,
          "lastMs": 2.099999999627471
        },
        "idb.init.afterFirstRequestThroughCommit": {
          "count": 1,
          "totalMs": 1.900000000372529,
          "maxMs": 1.900000000372529,
          "lastMs": 1.900000000372529
        },
        "idb.readBatch.handoff": {
          "count": 7431,
          "totalMs": 238.10000001825392,
          "maxMs": 0.2000000011175871,
          "lastMs": 0
        },
        "idb.readBatch.waitAndFirstRequest": {
          "count": 7431,
          "totalMs": 3041.900000035763,
          "maxMs": 140,
          "lastMs": 0.09999999962747097
        },
        "idb.readBatch.total": {
          "count": 7431,
          "totalMs": 5106.1000000573695,
          "maxMs": 140.80000000074506,
          "lastMs": 0.2999999988824129
        },
        "idb.readBatch.afterFirstRequestThroughCommit": {
          "count": 7431,
          "totalMs": 2073.700000014156,
          "maxMs": 119,
          "lastMs": 0.19999999925494194
        },
        "worker.heartbeatLateness": {
          "count": 602,
          "totalMs": 4.999999998137355,
          "maxMs": 38.79999999888241,
          "lastMs": -0.2000000011175871
        },
        "mainToWorker.delivery": {
          "count": 3000,
          "totalMs": -2669.906982421875,
          "maxMs": 1.900146484375,
          "lastMs": -0.900146484375
        },
        "worker.apply": {
          "count": 3000,
          "totalMs": 410.5999999921769,
          "maxMs": 1.699999999254942,
          "lastMs": 0.19999999925494194
        },
        "worker.validate": {
          "count": 3000,
          "totalMs": 146055.90000005066,
          "maxMs": 146,
          "lastMs": 46.80000000074506
        },
        "worker.encode": {
          "count": 3000,
          "totalMs": 286.6999999843538,
          "maxMs": 2.199999999254942,
          "lastMs": 0.09999999962747097
        },
        "idb.capture.handoff": {
          "count": 3000,
          "totalMs": 145.89999998547137,
          "maxMs": 0.2000000011175871,
          "lastMs": 0.09999999962747097
        },
        "idb.capture.waitAndFirstRequest": {
          "count": 3000,
          "totalMs": 910.7999999728054,
          "maxMs": 9.300000000745058,
          "lastMs": 0.40000000037252903
        },
        "idb.capture.total": {
          "count": 3000,
          "totalMs": 5574.199999975041,
          "maxMs": 38.09999999962747,
          "lastMs": 1.900000000372529
        },
        "idb.capture.afterFirstRequestThroughCommit": {
          "count": 3000,
          "totalMs": 4667.900000007823,
          "maxMs": 31.799999998882413,
          "lastMs": 1.5
        },
        "worker.eventTotal": {
          "count": 3000,
          "totalMs": 152458.7999999877,
          "maxMs": 148.40000000037253,
          "lastMs": 49
        },
        "transport.bodyEncode": {
          "count": 3600,
          "totalMs": 232.40000002458692,
          "maxMs": 0.40000000037252903,
          "lastMs": 0
        },
        "transport.responseHeaders": {
          "count": 3600,
          "totalMs": 87384.99999995157,
          "maxMs": 135.59999999962747,
          "lastMs": 55.100000001490116
        },
        "server.append": {
          "count": 2705,
          "totalMs": 81887.86590599935,
          "maxMs": 133.9176659999648,
          "lastMs": 53.88920799992047
        },
        "transport.acknowledgement": {
          "count": 2705,
          "totalMs": 86355.40000005811,
          "maxMs": 135.80000000074506,
          "lastMs": 55.20000000111759
        },
        "captureToDurableServerAck": {
          "count": 3000,
          "totalMs": 9393593,
          "maxMs": 60050,
          "lastMs": 104
        },
        "idb.acknowledge.handoff": {
          "count": 2705,
          "totalMs": 80.10000002011657,
          "maxMs": 0.2999999988824129,
          "lastMs": 0
        },
        "idb.acknowledge.waitAndFirstRequest": {
          "count": 2705,
          "totalMs": 477.29999998025596,
          "maxMs": 15.700000001117587,
          "lastMs": 0.09999999962747097
        },
        "idb.acknowledge.total": {
          "count": 2705,
          "totalMs": 3377.7000000122935,
          "maxMs": 33.59999999962747,
          "lastMs": 1
        },
        "idb.acknowledge.afterFirstRequestThroughCommit": {
          "count": 2705,
          "totalMs": 2905.2000000271946,
          "maxMs": 33.30000000074506,
          "lastMs": 0.900000000372529
        },
        "captureToLocalAckCommit": {
          "count": 3000,
          "totalMs": 9398316,
          "maxMs": 60054,
          "lastMs": 105
        },
        "transport.rejected": {
          "count": 895,
          "totalMs": 1348.0999999642372,
          "maxMs": 6.199999999254942,
          "lastMs": 1.199999999254942
        },
        "idb.ledger.handoff": {
          "count": 3,
          "totalMs": 0,
          "maxMs": 0,
          "lastMs": 0
        },
        "idb.ledger.waitAndFirstRequest": {
          "count": 3,
          "totalMs": 0.40000000037252903,
          "maxMs": 0.2000000011175871,
          "lastMs": 0.2000000011175871
        },
        "idb.ledger.total": {
          "count": 3,
          "totalMs": 0.599999999627471,
          "maxMs": 0.2000000011175871,
          "lastMs": 0.2000000011175871
        },
        "idb.ledger.afterFirstRequestThroughCommit": {
          "count": 3,
          "totalMs": 0.19999999925494194,
          "maxMs": 0.09999999962747097,
          "lastMs": 0
        }
      },
      "lastCaptureAck": {
        "commitId": "2ec20145-1713-482d-ba3f-8d12c86f9a64",
        "postedAt": 1789701354364.2998,
        "sequence": 3000
      },
      "heartbeat": 602,
      "heartbeatAt": 1789701354403.0999
    },
    "server": {
      "stages": {
        "requestBodyRead": {
          "count": 2705,
          "totalMs": 343.904112998669,
          "maxMs": 1.3642499999987194,
          "lastMs": 0.10499999998137355
        },
        "append": {
          "count": 2705,
          "totalMs": 81887.86590599935,
          "maxMs": 133.9176659999648,
          "lastMs": 53.88920799992047
        },
        "requestThroughAppend": {
          "count": 2705,
          "totalMs": 82239.21450299775,
          "maxMs": 134.02395900001284,
          "lastMs": 53.99662500002887
        }
      },
      "rejectedAppends": 895,
      "networkTransitions": [
        {
          "at": 1789700934465,
          "offline": true,
          "accepted": 900
        },
        {
          "at": 1789700994463,
          "offline": false,
          "accepted": 900
        }
      ]
    }
  },
  "baselineBytes": 15926745,
  "sustained": {
    "callback": {
      "samples": 3000,
      "medianMs": 0.1,
      "p95Ms": 0.2
    },
    "edit": {
      "samples": 3000,
      "medianMs": 40.1,
      "p95Ms": 42
    },
    "historyAddedOver50ms": 0,
    "maxInFlight": 1,
    "verify": {
      "samples": 3000,
      "medianMs": 47.9,
      "p95Ms": 53.8
    },
    "encode": {
      "samples": 3000,
      "medianMs": 0.1,
      "p95Ms": 0.2
    },
    "idb": {
      "samples": 3000,
      "medianMs": 1.7,
      "p95Ms": 2.3
    },
    "append": {
      "samples": 2705,
      "medianMs": 32.8,
      "p95Ms": 54.4
    },
    "packetBytes": {
      "min": 2634,
      "max": 2668
    },
    "maxOutboxBytes": 801669,
    "maxOutboxCount": 301,
    "oldestPendingMs": 59988,
    "drainMs": 506,
    "maxAppendRequestBytes": 99193
  },
  "exactness": {
    "physicalFramesChecksumVerified": 3002,
    "allWirePacketsDecoded": 3000,
    "allStateParentsAndPreimagesChecked": true,
    "sampledIndependentReplays": 12,
    "finalOracleEquality": true,
    "allCaptureAcknowledgementsDelivered": true,
    "undoEntries": 3000,
    "finalOutboxCount": 0,
    "finalOutboxBytes": 0
  },
  "gateCaps": {
    "workerMessages": 64,
    "packetWireBytes": 102400,
    "outboxBytes": 16777216,
    "outboxRecords": 4096,
    "batchRecords": 32
  },
  "limits": [
    "Gate-only format/endpoints; actual editor commands without rendering/input-device latency",
    "Native store has finite whole-journal scans; no production archive scalability claim",
    "Existing ordinary undo semantics and depth retained in every mode; heap includes editor and browser overhead",
    "IDB waitAndFirstRequest includes lock waiting and first-request execution; afterFirstRequestThroughCommit includes remaining request work and commit, not isolated fsync timing",
    "Single local Chrome/macOS host; process/fsync evidence is not power-loss certification",
    "Ten-minute fixed rate workload; full G3 matrix and P6 remain separate obligations"
  ]
}
